电机0,电机1,电机2,电机3,5,6,7,8,9,10,11,12,13,14,15,16,17,18,19,20
USERDATA_1,USERDATA_2,USERDATA_3,USERDATA_4,FC_ACC_Z,FC_GYR_X,FC_GYR_Y,FC_GYR_Z,FC_STA_Shock,Frame ID：0x02,FC_MAG_X,FC_MAG_Y,FC_MAG_Z,FC_ALT_BAR,FC_SenserTMP,FC_STA_BAR,FC_STA_MAG,Frame ID：0x03,FC_ATT_ROL,FC_ATT_PIT
-1207,-1660,1382,1623,0,0,0,0,0,0,0,0,0,0,0,0,0,0,0,0
-1431,-1898,1225,991,0,0,0,0,0,0,0,0,0,0,0,0,0,0,0,0
-1634,-985,1405,1236,0,0,0,0,0,0,0,0,0,0,0,0,0,0,0,0
-1567,-1560,632,1888,0,0,0,0,0,0,0,0,0,0,0,0,0,0,0,0
-1343,-1696,1766,1779,0,0,0,0,0,0,0,0,0,0,0,0,0,0,0,0
-1636,-2009,1008,1432,0,0,0,0,0,0,0,0,0,0,0,0,0,0,0,0
-1541,-1520,1291,952,0,0,0,0,0,0,0,0,0,0,0,0,0,0,0,0
-1469,-2061,1746,843,0,0,0,0,0,0,0,0,0,0,0,0,0,0,0,0
-1629,-1337,1574,1917,0,0,0,0,0,0,0,0,0,0,0,0,0,0,0,0
-2192,-1353,1423,1643,0,0,0,0,0,0,0,0,0,0,0,0,0,0,0,0
-1578,-1207,1231,1790,0,0,0,0,0,0,0,0,0,0,0,0,0,0,0,0
-1526,-2073,1967,1354,0,0,0,0,0,0,0,0,0,0,0,0,0,0,0,0
-1631,-2098,1339,1333,0,0,0,0,0,0,0,0,0,0,0,0,0,0,0,0
-1080,-1398,1132,1746,0,0,0,0,0,0,0,0,0,0,0,0,0,0,0,0
-1215,-1318,1920,1563,0,0,0,0,0,0,0,0,0,0,0,0,0,0,0,0
-1580,-1337,1944,1521,0,0,0,0,0,0,0,0,0,0,0,0,0,0,0,0
-1116,-1088,1640,1489,0,0,0,0,0,0,0,0,0,0,0,0,0,0,0,0
-885,-1704,1902,1095,0,0,0,0,0,0,0,0,0,0,0,0,0,0,0,0
-655,-637,914,1755,0,0,0,0,0,0,0,0,0,0,0,0,0,0,0,0
-1393,-688,1730,1114,0,0,0,0,0,0,0,0,0,0,0,0,0,0,0,0
-1045,-1013,1851,199,0,0,0,0,0,0,0,0,0,0,0,0,0,0,0,0
-767,-1702,1215,1401,0,0,0,0,0,0,0,0,0,0,0,0,0,0,0,0
-1030,-1161,1735,1341,0,0,0,0,0,0,0,0,0,0,0,0,0,0,0,0
-1516,-1948,1700,529,0,0,0,0,0,0,0,0,0,0,0,0,0,0,0,0
-1210,-1210,1560,1690,0,0,0,0,0,0,0,0,0,0,0,0,0,0,0,0
-2488,-1876,1796,1473,0,0,0,0,0,0,0,0,0,0,0,0,0,0,0,0
-1307,-2380,1481,1748,0,0,0,0,0,0,0,0,0,0,0,0,0,0,0,0
-1300,-2150,2029,1745,0,0,0,0,0,0,0,0,0,0,0,0,0,0,0,0
-1097,-2201,1864,1899,0,0,0,0,0,0,0,0,0,0,0,0,0,0,0,0
-1276,-2113,1390,2165,0,0,0,0,0,0,0,0,0,0,0,0,0,0,0,0
-1820,-1523,1193,1827,0,0,0,0,0,0,0,0,0,0,0,0,0,0,0,0
-1030,-1950,1441,1198,0,0,0,0,0,0,0,0,0,0,0,0,0,0,0,0
-1151,-969,1088,2335,0,0,0,0,0,0,0,0,0,0,0,0,0,0,0,0
-889,-1837,1810,1558,0,0,0,0,0,0,0,0,0,0,0,0,0,0,0,0
-925,-1903,1639,1011,0,0,0,0,0,0,0,0,0,0,0,0,0,0,0,0
-720,-993,1023,1932,0,0,0,0,0,0,0,0,0,0,0,0,0,0,0,0
-1103,-1976,1468,1204,0,0,0,0,0,0,0,0,0,0,0,0,0,0,0,0
-1046,-1940,1427,630,0,0,0,0,0,0,0,0,0,0,0,0,0,0,0,0
-864,-1663,1576,491,0,0,0,0,0,0,0,0,0,0,0,0,0,0,0,0
-1615,-1209,1927,1668,0,0,0,0,0,0,0,0,0,0,0,0,0,0,0,0
-1204,-1293,2146,1629,0,0,0,0,0,0,0,0,0,0,0,0,0,0,0,0
-1097,-1488,1647,1354,0,0,0,0,0,0,0,0,0,0,0,0,0,0,0,0
-1142,-2048,1969,1973,0,0,0,0,0,0,0,0,0,0,0,0,0,0,0,0
-1703,-2150,1299,1752,0,0,0,0,0,0,0,0,0,0,0,0,0,0,0,0
-2142,-1412,1866,1710,0,0,0,0,0,0,0,0,0,0,0,0,0,0,0,0
-1427,-1688,2034,1268,0,0,0,0,0,0,0,0,0,0,0,0,0,0,0,0
-1873,-2186,2057,1496,0,0,0,0,0,0,0,0,0,0,0,0,0,0,0,0
-1223,-1063,1470,1787,0,0,0,0,0,0,0,0,0,0,0,0,0,0,0,0
-1996,-1795,1407,1814,0,0,0,0,0,0,0,0,0,0,0,0,0,0,0,0
-1106,-971,1314,2268,0,0,0,0,0,0,0,0,0,0,0,0,0,0,0,0
-1116,-820,1255,1467,0,0,0,0,0,0,0,0,0,0,0,0,0,0,0,0
-1700,-1916,1260,654,0,0,0,0,0,0,0,0,0,0,0,0,0,0,0,0
-1016,-844,1295,1538,0,0,0,0,0,0,0,0,0,0,0,0,0,0,0,0
-1117,-1754,1879,1808,0,0,0,0,0,0,0,0,0,0,0,0,0,0,0,0
-1083,-1051,1320,1533,0,0,0,0,0,0,0,0,0,0,0,0,0,0,0,0
-823,-1856,2074,947,0,0,0,0,0,0,0,0,0,0,0,0,0,0,0,0
-1104,-2061,1516,2230,0,0,0,0,0,0,0,0,0,0,0,0,0,0,0,0
-909,-1918,1667,1271,0,0,0,0,0,0,0,0,0,0,0,0,0,0,0,0
-1300,-1834,2231,1634,0,0,0,0,0,0,0,0,0,0,0,0,0,0,0,0
-1577,-1808,1915,781,0,0,0,0,0,0,0,0,0,0,0,0,0,0,0,0
-1851,-2349,2034,1782,0,0,0,0,0,0,0,0,0,0,0,0,0,0,0,0
-1644,-1928,1863,1575,0,0,0,0,0,0,0,0,0,0,0,0,0,0,0,0
-1031,-1880,1355,719,0,0,0,0,0,0,0,0,0,0,0,0,0,0,0,0
-2023,-864,1671,2247,0,0,0,0,0,0,0,0,0,0,0,0,0,0,0,0
-1731,-1465,1163,1729,0,0,0,0,0,0,0,0,0,0,0,0,0,0,0,0
-1273,-1278,823,975,0,0,0,0,0,0,0,0,0,0,0,0,0,0,0,0
-1251,-1320,1556,727,0,0,0,0,0,0,0,0,0,0,0,0,0,0,0,0
-1153,-392,1223,1610,0,0,0,0,0,0,0,0,0,0,0,0,0,0,0,0
-1814,-1514,632,646,0,0,0,0,0,0,0,0,0,0,0,0,0,0,0,0
-1608,-402,1385,1966,0,0,0,0,0,0,0,0,0,0,0,0,0,0,0,0
-1344,-1424,1395,1133,0,0,0,0,0,0,0,0,0,0,0,0,0,0,0,0
-1697,-397,1306,1541,0,0,0,0,0,0,0,0,0,0,0,0,0,0,0,0
-723,-1412,1228,1415,0,0,0,0,0,0,0,0,0,0,0,0,0,0,0,0
-1638,-1036,1336,1813,0,0,0,0,0,0,0,0,0,0,0,0,0,0,0,0
-884,-1872,997,1250,0,0,0,0,0,0,0,0,0,0,0,0,0,0,0,0
-1704,-1586,943,977,0,0,0,0,0,0,0,0,0,0,0,0,0,0,0,0
-970,-1349,1332,1638,0,0,0,0,0,0,0,0,0,0,0,0,0,0,0,0
-897,-1836,973,594,0,0,0,0,0,0,0,0,0,0,0,0,0,0,0,0
-842,-1352,1702,1311,0,0,0,0,0,0,0,0,0,0,0,0,0,0,0,0
-1638,-1320,1140,1325,0,0,0,0,0,0,0,0,0,0,0,0,0,0,0,0
-1082,-1724,1691,524,0,0,0,0,0,0,0,0,0,0,0,0,0,0,0,0
-1516,-690,1665,1276,0,0,0,0,0,0,0,0,0,0,0,0,0,0,0,0
-996,-1625,952,1467,0,0,0,0,0,0,0,0,0,0,0,0,0,0,0,0
-977,-1177,1927,1715,0,0,0,0,0,0,0,0,0,0,0,0,0,0,0,0
-1448,-1905,1797,594,0,0,0,0,0,0,0,0,0,0,0,0,0,0,0,0
-1340,-685,1070,1387,0,0,0,0,0,0,0,0,0,0,0,0,0,0,0,0
-1094,-1658,1604,1548,0,0,0,0,0,0,0,0,0,0,0,0,0,0,0,0
-621,-1373,1297,1778,0,0,0,0,0,0,0,0,0,0,0,0,0,0,0,0
-1354,-1694,1931,829,0,0,0,0,0,0,0,0,0,0,0,0,0,0,0,0
-782,-816,1394,1498,0,0,0,0,0,0,0,0,0,0,0,0,0,0,0,0
-1119,-1755,1865,1622,0,0,0,0,0,0,0,0,0,0,0,0,0,0,0,0
-1043,-1512,1297,841,0,0,0,0,0,0,0,0,0,0,0,0,0,0,0,0
-814,-1431,1680,1398,0,0,0,0,0,0,0,0,0,0,0,0,0,0,0,0
-1040,-1405,1527,490,0,0,0,0,0,0,0,0,0,0,0,0,0,0,0,0
-1380,-730,1783,1503,0,0,0,0,0,0,0,0,0,0,0,0,0,0,0,0
-958,-1651,1194,1234,0,0,0,0,0,0,0,0,0,0,0,0,0,0,0,0
-1638,-1562,1714,1879,0,0,0,0,0,0,0,0,0,0,0,0,0,0,0,0
-1310,-635,1745,1070,0,0,0,0,0,0,0,0,0,0,0,0,0,0,0,0
-1509,-1398,1826,1846,0,0,0,0,0,0,0,0,0,0,0,0,0,0,0,0
-1284,-799,1545,1274,0,0,0,0,0,0,0,0,0,0,0,0,0,0,0,0
-1153,-1648,1177,1430,0,0,0,0,0,0,0,0,0,0,0,0,0,0,0,0
-1536,-416,1619,757,0,0,0,0,0,0,0,0,0,0,0,0,0,0,0,0
-1295,-1439,1606,1478,0,0,0,0,0,0,0,0,0,0,0,0,0,0,0,0
-1634,-818,1194,975,0,0,0,0,0,0,0,0,0,0,0,0,0,0,0,0
-1116,-1185,1823,972,0,0,0,0,0,0,0,0,0,0,0,0,0,0,0,0
-1600,-1347,976,1559,0,0,0,0,0,0,0,0,0,0,0,0,0,0,0,0
-970,-815,1685,964,0,0,0,0,0,0,0,0,0,0,0,0,0,0,0,0
-1474,-1755,1515,1405,0,0,0,0,0,0,0,0,0,0,0,0,0,0,0,0
-1082,-844,1250,1095,0,0,0,0,0,0,0,0,0,0,0,0,0,0,0,0
-1727,-1627,1770,1543,0,0,0,0,0,0,0,0,0,0,0,0,0,0,0,0
-1442,-1584,1038,1523,0,0,0,0,0,0,0,0,0,0,0,0,0,0,0,0
-970,-672,1460,2067,0,0,0,0,0,0,0,0,0,0,0,0,0,0,0,0
-1854,-1591,2014,1148,0,0,0,0,0,0,0,0,0,0,0,0,0,0,0,0
-1014,-729,1535,1775,0,0,0,0,0,0,0,0,0,0,0,0,0,0,0,0
-1811,-1498,1287,718,0,0,0,0,0,0,0,0,0,0,0,0,0,0,0,0
-1044,-1600,1289,1634,0,0,0,0,0,0,0,0,0,0,0,0,0,0,0,0
-1152,-894,1583,2371,0,0,0,0,0,0,0,0,0,0,0,0,0,0,0,0
-1466,-1336,1343,699,0,0,0,0,0,0,0,0,0,0,0,0,0,0,0,0
-1286,-1341,814,1795,0,0,0,0,0,0,0,0,0,0,0,0,0,0,0,0
-1137,-1328,1538,918,0,0,0,0,0,0,0,0,0,0,0,0,0,0,0,0
-1238,-1645,2018,1397,0,0,0,0,0,0,0,0,0,0,0,0,0,0,0,0
-1797,-1594,1236,1680,0,0,0,0,0,0,0,0,0,0,0,0,0,0,0,0
-904,-1396,1796,1160,0,0,0,0,0,0,0,0,0,0,0,0,0,0,0,0
-1436,-875,1392,1597,0,0,0,0,0,0,0,0,0,0,0,0,0,0,0,0
-1022,-2038,1430,1018,0,0,0,0,0,0,0,0,0,0,0,0,0,0,0,0
-1578,-1761,2212,832,0,0,0,0,0,0,0,0,0,0,0,0,0,0,0,0
-1023,-1154,1691,1632,0,0,0,0,0,0,0,0,0,0,0,0,0,0,0,0
-1153,-2086,1586,1515,0,0,0,0,0,0,0,0,0,0,0,0,0,0,0,0
-1188,-1242,1845,1606,0,0,0,0,0,0,0,0,0,0,0,0,0,0,0,0
-1557,-1864,1662,1240,0,0,0,0,0,0,0,0,0,0,0,0,0,0,0,0
-993,-1337,1356,923,0,0,0,0,0,0,0,0,0,0,0,0,0,0,0,0
-1502,-1822,2152,2156,0,0,0,0,0,0,0,0,0,0,0,0,0,0,0,0
-1045,-1085,1119,814,0,0,0,0,0,0,0,0,0,0,0,0,0,0,0,0
-1804,-2024,1696,1640,0,0,0,0,0,0,0,0,0,0,0,0,0,0,0,0
-1732,-1847,1833,2146,0,0,0,0,0,0,0,0,0,0,0,0,0,0,0,0
-888,-1138,2173,488,0,0,0,0,0,0,0,0,0,0,0,0,0,0,0,0
-1656,-2025,1771,1281,0,0,0,0,0,0,0,0,0,0,0,0,0,0,0,0
-1702,-1206,1567,1274,0,0,0,0,0,0,0,0,0,0,0,0,0,0,0,0
-976,-1882,1909,2068,0,0,0,0,0,0,0,0,0,0,0,0,0,0,0,0
-2221,-1598,2081,880,0,0,0,0,0,0,0,0,0,0,0,0,0,0,0,0
-1612,-1041,2054,1584,0,0,0,0,0,0,0,0,0,0,0,0,0,0,0,0
-1020,-2008,1683,2198,0,0,0,0,0,0,0,0,0,0,0,0,0,0,0,0
-1699,-1763,1404,650,0,0,0,0,0,0,0,0,0,0,0,0,0,0,0,0
-1823,-925,1800,1397,0,0,0,0,0,0,0,0,0,0,0,0,0,0,0,0
-1327,-1797,2028,1494,0,0,0,0,0,0,0,0,0,0,0,0,0,0,0,0
-1443,-1653,1651,2137,0,0,0,0,0,0,0,0,0,0,0,0,0,0,0,0
-1453,-1036,1763,685,0,0,0,0,0,0,0,0,0,0,0,0,0,0,0,0
-1821,-1956,1492,1895,0,0,0,0,0,0,0,0,0,0,0,0,0,0,0,0
-1307,-1428,1368,2121,0,0,0,0,0,0,0,0,0,0,0,0,0,0,0,0
-1287,-1302,1513,610,0,0,0,0,0,0,0,0,0,0,0,0,0,0,0,0
-1716,-1521,1993,1418,0,0,0,0,0,0,0,0,0,0,0,0,0,0,0,0
-1188,-889,1464,2072,0,0,0,0,0,0,0,0,0,0,0,0,0,0,0,0
-1327,-1907,1494,1013,0,0,0,0,0,0,0,0,0,0,0,0,0,0,0,0
-1760,-1622,1885,1692,0,0,0,0,0,0,0,0,0,0,0,0,0,0,0,0
-1752,-905,1399,2108,0,0,0,0,0,0,0,0,0,0,0,0,0,0,0,0
-1654,-1707,1512,845,0,0,0,0,0,0,0,0,0,0,0,0,0,0,0,0
-1149,-1732,1582,1628,0,0,0,0,0,0,0,0,0,0,0,0,0,0,0,0
-1815,-1140,1364,1868,0,0,0,0,0,0,0,0,0,0,0,0,0,0,0,0
-1498,-1958,1630,825,0,0,0,0,0,0,0,0,0,0,0,0,0,0,0,0
-966,-1523,1700,1974,0,0,0,0,0,0,0,0,0,0,0,0,0,0,0,0
-1768,-971,1331,1932,0,0,0,0,0,0,0,0,0,0,0,0,0,0,0,0
-1332,-1833,2140,664,0,0,0,0,0,0,0,0,0,0,0,0,0,0,0,0
-1090,-1681,1281,1642,0,0,0,0,0,0,0,0,0,0,0,0,0,0,0,0
-1578,-1270,1390,1882,0,0,0,0,0,0,0,0,0,0,0,0,0,0,0,0
-1193,-1953,1995,965,0,0,0,0,0,0,0,0,0,0,0,0,0,0,0,0
-1297,-1172,877,1734,0,0,0,0,0,0,0,0,0,0,0,0,0,0,0,0
-1729,-1667,1638,1650,0,0,0,0,0,0,0,0,0,0,0,0,0,0,0,0
-1532,-1292,1212,1645,0,0,0,0,0,0,0,0,0,0,0,0,0,0,0,0
-1223,-1217,1425,1461,0,0,0,0,0,0,0,0,0,0,0,0,0,0,0,0
-1045,-2048,1509,1385,0,0,0,0,0,0,0,0,0,0,0,0,0,0,0,0
-1135,-1356,1687,1754,0,0,0,0,0,0,0,0,0,0,0,0,0,0,0,0
-1219,-2113,1917,1416,0,0,0,0,0,0,0,0,0,0,0,0,0,0,0,0
-1620,-1402,1561,1527,0,0,0,0,0,0,0,0,0,0,0,0,0,0,0,0
-970,-2254,1497,1624,0,0,0,0,0,0,0,0,0,0,0,0,0,0,0,0
-2037,-1934,2029,798,0,0,0,0,0,0,0,0,0,0,0,0,0,0,0,0
-1438,-1316,1952,1601,0,0,0,0,0,0,0,0,0,0,0,0,0,0,0,0
-1016,-2156,1948,2186,0,0,0,0,0,0,0,0,0,0,0,0,0,0,0,0
-1626,-1475,2306,946,0,0,0,0,0,0,0,0,0,0,0,0,0,0,0,0
-1221,-2324,1566,1590,0,0,0,0,0,0,0,0,0,0,0,0,0,0,0,0
-1272,-1838,1934,2369,0,0,0,0,0,0,0,0,0,0,0,0,0,0,0,0
-1821,-1228,1540,597,0,0,0,0,0,0,0,0,0,0,0,0,0,0,0,0
-1414,-2048,2016,1570,0,0,0,0,0,0,0,0,0,0,0,0,0,0,0,0
-1353,-978,1371,1491,0,0,0,0,0,0,0,0,0,0,0,0,0,0,0,0
-2072,-2039,1810,1430,0,0,0,0,0,0,0,0,0,0,0,0,0,0,0,0
-2010,-1722,1443,654,0,0,0,0,0,0,0,0,0,0,0,0,0,0,0,0
-1355,-992,1232,1497,0,0,0,0,0,0,0,0,0,0,0,0,0,0,0,0
-1926,-1693,2014,826,0,0,0,0,0,0,0,0,0,0,0,0,0,0,0,0
-2140,-942,1051,1378,0,0,0,0,0,0,0,0,0,0,0,0,0,0,0,0
-1066,-1922,1914,918,0,0,0,0,0,0,0,0,0,0,0,0,0,0,0,0
-1843,-1144,1327,1547,0,0,0,0,0,0,0,0,0,0,0,0,0,0,0,0
-1807,-2155,1605,1713,0,0,0,0,0,0,0,0,0,0,0,0,0,0,0,0
-1501,-1397,1630,1147,0,0,0,0,0,0,0,0,0,0,0,0,0,0,0,0
-2116,-1297,1557,1262,0,0,0,0,0,0,0,0,0,0,0,0,0,0,0,0
-1782,-2110,1627,1966,0,0,0,0,0,0,0,0,0,0,0,0,0,0,0,0
-1767,-2338,1498,714,0,0,0,0,0,0,0,0,0,0,0,0,0,0,0,0
-1567,-1427,1823,1772,0,0,0,0,0,0,0,0,0,0,0,0,0,0,0,0
-1112,-2320,1919,1036,0,0,0,0,0,0,0,0,0,0,0,0,0,0,0,0
-1701,-2176,1954,1698,0,0,0,0,0,0,0,0,0,0,0,0,0,0,0,0
-1926,-2293,1857,1127,0,0,0,0,0,0,0,0,0,0,0,0,0,0,0,0
-1811,-1988,1927,1422,0,0,0,0,0,0,0,0,0,0,0,0,0,0,0,0
-1490,-2235,1336,1412,0,0,0,0,0,0,0,0,0,0,0,0,0,0,0,0
-1293,-2005,1549,967,0,0,0,0,0,0,0,0,0,0,0,0,0,0,0,0
-1354,-1337,1785,1587,0,0,0,0,0,0,0,0,0,0,0,0,0,0,0,0
-1565,-1187,1761,1547,0,0,0,0,0,0,0,0,0,0,0,0,0,0,0,0
-1724,-1761,1141,1342,0,0,0,0,0,0,0,0,0,0,0,0,0,0,0,0
-1242,-1332,1477,1477,0,0,0,0,0,0,0,0,0,0,0,0,0,0,0,0
-1225,-1915,1435,930,0,0,0,0,0,0,0,0,0,0,0,0,0,0,0,0
-1267,-1657,1160,2031,0,0,0,0,0,0,0,0,0,0,0,0,0,0,0,0
-1355,-1582,1511,752,0,0,0,0,0,0,0,0,0,0,0,0,0,0,0,0
-1938,-1962,1461,2114,0,0,0,0,0,0,0,0,0,0,0,0,0,0,0,0
-1831,-1728,1187,1670,0,0,0,0,0,0,0,0,0,0,0,0,0,0,0,0
-1869,-1741,954,1430,0,0,0,0,0,0,0,0,0,0,0,0,0,0,0,0
-1491,-1806,1633,717,0,0,0,0,0,0,0,0,0,0,0,0,0,0,0,0
-1987,-1470,884,1822,0,0,0,0,0,0,0,0,0,0,0,0,0,0,0,0
-1636,-1309,1042,1647,0,0,0,0,0,0,0,0,0,0,0,0,0,0,0,0
-1412,-2127,2016,1240,0,0,0,0,0,0,0,0,0,0,0,0,0,0,0,0
-1562,-2105,1482,1643,0,0,0,0,0,0,0,0,0,0,0,0,0,0,0,0
-1647,-1786,1736,2213,0,0,0,0,0,0,0,0,0,0,0,0,0,0,0,0
-1436,-1156,1154,1678,0,0,0,0,0,0,0,0,0,0,0,0,0,0,0,0
-1790,-2268,1747,1969,0,0,0,0,0,0,0,0,0,0,0,0,0,0,0,0
-1550,-1685,1582,1547,0,0,0,0,0,0,0,0,0,0,0,0,0,0,0,0
-1337,-1912,1747,1057,0,0,0,0,0,0,0,0,0,0,0,0,0,0,0,0
-968,-1775,2065,1090,0,0,0,0,0,0,0,0,0,0,0,0,0,0,0,0
-1517,-2144,1631,1450,0,0,0,0,0,0,0,0,0,0,0,0,0,0,0,0
-906,-1910,1891,1241,0,0,0,0,0,0,0,0,0,0,0,0,0,0,0,0
-1067,-1911,1290,1687,0,0,0,0,0,0,0,0,0,0,0,0,0,0,0,0
-1608,-1884,1733,1221,0,0,0,0,0,0,0,0,0,0,0,0,0,0,0,0
-1364,-1881,1190,1354,0,0,0,0,0,0,0,0,0,0,0,0,0,0,0,0
-1362,-1583,1809,1126,0,0,0,0,0,0,0,0,0,0,0,0,0,0,0,0
-1870,-1064,1247,1306,0,0,0,0,0,0,0,0,0,0,0,0,0,0,0,0
-1403,-840,1011,1536,0,0,0,0,0,0,0,0,0,0,0,0,0,0,0,0
-1644,-1202,1579,1267,0,0,0,0,0,0,0,0,0,0,0,0,0,0,0,0
-1881,-1017,882,1397,0,0,0,0,0,0,0,0,0,0,0,0,0,0,0,0
-1253,-906,875,1576,0,0,0,0,0,0,0,0,0,0,0,0,0,0,0,0
-1560,-1485,1588,1505,0,0,0,0,0,0,0,0,0,0,0,0,0,0,0,0
-1786,-1427,825,1988,0,0,0,0,0,0,0,0,0,0,0,0,0,0,0,0
-1288,-1928,1212,470,0,0,0,0,0,0,0,0,0,0,0,0,0,0,0,0
-1782,-1421,1848,1565,0,0,0,0,0,0,0,0,0,0,0,0,0,0,0,0
-1515,-1986,817,2421,0,0,0,0,0,0,0,0,0,0,0,0,0,0,0,0
-1285,-1968,1691,913,0,0,0,0,0,0,0,0,0,0,0,0,0,0,0,0
-1842,-1329,1383,1505,0,0,0,0,0,0,0,0,0,0,0,0,0,0,0,0
-1872,-2190,1166,2104,0,0,0,0,0,0,0,0,0,0,0,0,0,0,0,0
-1325,-2145,1611,1042,0,0,0,0,0,0,0,0,0,0,0,0,0,0,0,0
-2053,-1633,1972,1821,0,0,0,0,0,0,0,0,0,0,0,0,0,0,0,0
-1823,-2156,1673,1698,0,0,0,0,0,0,0,0,0,0,0,0,0,0,0,0
-1264,-2269,1912,1011,0,0,0,0,0,0,0,0,0,0,0,0,0,0,0,0
-1647,-1246,1623,1705,0,0,0,0,0,0,0,0,0,0,0,0,0,0,0,0
-1827,-1084,1492,685,0,0,0,0,0,0,0,0,0,0,0,0,0,0,0,0
-1260,-2073,1197,1649,0,0,0,0,0,0,0,0,0,0,0,0,0,0,0,0
-1081,-1950,1939,2032,0,0,0,0,0,0,0,0,0,0,0,0,0,0,0,0
-1175,-1165,2137,665,0,0,0,0,0,0,0,0,0,0,0,0,0,0,0,0
-1483,-2205,1322,1166,0,0,0,0,0,0,0,0,0,0,0,0,0,0,0,0
-1426,-1791,1799,956,0,0,0,0,0,0,0,0,0,0,0,0,0,0,0,0
-1273,-1410,1198,1501,0,0,0,0,0,0,0,0,0,0,0,0,0,0,0,0
-987,-1881,1193,1815,0,0,0,0,0,0,0,0,0,0,0,0,0,0,0,0
-1496,-1205,1557,1449,0,0,0,0,0,0,0,0,0,0,0,0,0,0,0,0
-1760,-1423,897,1131,0,0,0,0,0,0,0,0,0,0,0,0,0,0,0,0
-1522,-1258,1126,1113,0,0,0,0,0,0,0,0,0,0,0,0,0,0,0,0
-1571,-1642,957,1815,0,0,0,0,0,0,0,0,0,0,0,0,0,0,0,0
-1105,-1499,1274,595,0,0,0,0,0,0,0,0,0,0,0,0,0,0,0,0
-954,-1610,1395,943,0,0,0,0,0,0,0,0,0,0,0,0,0,0,0,0
-1679,-822,1446,1517,0,0,0,0,0,0,0,0,0,0,0,0,0,0,0,0
-1214,-1642,875,1726,0,0,0,0,0,0,0,0,0,0,0,0,0,0,0,0
-1540,-1598,1579,595,0,0,0,0,0,0,0,0,0,0,0,0,0,0,0,0
-1117,-1259,1029,1429,0,0,0,0,0,0,0,0,0,0,0,0,0,0,0,0
-1085,-1765,1433,1303,0,0,0,0,0,0,0,0,0,0,0,0,0,0,0,0
-1755,-1089,1247,1489,0,0,0,0,0,0,0,0,0,0,0,0,0,0,0,0
-1845,-1156,1338,1243,0,0,0,0,0,0,0,0,0,0,0,0,0,0,0,0
-1344,-2023,1060,1637,0,0,0,0,0,0,0,0,0,0,0,0,0,0,0,0
-1869,-1984,1635,1383,0,0,0,0,0,0,0,0,0,0,0,0,0,0,0,0
-1756,-1934,1921,1726,0,0,0,0,0,0,0,0,0,0,0,0,0,0,0,0
-1330,-1298,1505,1745,0,0,0,0,0,0,0,0,0,0,0,0,0,0,0,0
-1966,-1561,1682,1638,0,0,0,0,0,0,0,0,0,0,0,0,0,0,0,0
-1499,-2094,1841,2442,0,0,0,0,0,0,0,0,0,0,0,0,0,0,0,0
-1441,-2102,1241,589,0,0,0,0,0,0,0,0,0,0,0,0,0,0,0,0
-1421,-2441,1887,2334,0,0,0,0,0,0,0,0,0,0,0,0,0,0,0,0
-1743,-2309,1433,1529,0,0,0,0,0,0,0,0,0,0,0,0,0,0,0,0
-1545,-1307,1971,1545,0,0,0,0,0,0,0,0,0,0,0,0,0,0,0,0
-1575,-1735,1566,878,0,0,0,0,0,0,0,0,0,0,0,0,0,0,0,0
-1114,-1932,1964,913,0,0,0,0,0,0,0,0,0,0,0,0,0,0,0,0
-1794,-1420,2090,1678,0,0,0,0,0,0,0,0,0,0,0,0,0,0,0,0
-967,-1709,1670,879,0,0,0,0,0,0,0,0,0,0,0,0,0,0,0,0
-1119,-989,1599,719,0,0,0,0,0,0,0,0,0,0,0,0,0,0,0,0
-1162,-1708,1009,1623,0,0,0,0,0,0,0,0,0,0,0,0,0,0,0,0
-1257,-1778,1563,1750,0,0,0,0,0,0,0,0,0,0,0,0,0,0,0,0
-814,-1463,1163,1679,0,0,0,0,0,0,0,0,0,0,0,0,0,0,0,0
-1617,-1168,915,1280,0,0,0,0,0,0,0,0,0,0,0,0,0,0,0,0
-1045,-1114,1734,685,0,0,0,0,0,0,0,0,0,0,0,0,0,0,0,0
-1291,-578,1667,346,0,0,0,0,0,0,0,0,0,0,0,0,0,0,0,0
-1636,-1671,1376,1089,0,0,0,0,0,0,0,0,0,0,0,0,0,0,0,0
-881,-1193,975,1372,0,0,0,0,0,0,0,0,0,0,0,0,0,0,0,0
-1485,-1714,1220,831,0,0,0,0,0,0,0,0,0,0,0,0,0,0,0,0
-1607,-1318,1174,1925,0,0,0,0,0,0,0,0,0,0,0,0,0,0,0,0
-1320,-1637,1345,1909,0,0,0,0,0,0,0,0,0,0,0,0,0,0,0,0
-1215,-1517,988,689,0,0,0,0,0,0,0,0,0,0,0,0,0,0,0,0
-1410,-2009,1291,1639,0,0,0,0,0,0,0,0,0,0,0,0,0,0,0,0
-1790,-1356,1223,223,0,0,0,0,0,0,0,0,0,0,0,0,0,0,0,0
-1902,-1180,1309,895,0,0,0,0,0,0,0,0,0,0,0,0,0,0,0,0
-1144,-2150,1175,1572,0,0,0,0,0,0,0,0,0,0,0,0,0,0,0,0
-1907,-1572,1068,1453,0,0,0,0,0,0,0,0,0,0,0,0,0,0,0,0
-1284,-2295,1409,1137,0,0,0,0,0,0,0,0,0,0,0,0,0,0,0,0
-1537,-1830,1708,590,0,0,0,0,0,0,0,0,0,0,0,0,0,0,0,0
-1612,-1864,995,1573,0,0,0,0,0,0,0,0,0,0,0,0,0,0,0,0
-1702,-1063,867,1489,0,0,0,0,0,0,0,0,0,0,0,0,0,0,0,0
-1564,-1998,1229,699,0,0,0,0,0,0,0,0,0,0,0,0,0,0,0,0
-1760,-1046,1633,1140,0,0,0,0,0,0,0,0,0,0,0,0,0,0,0,0
-1498,-1629,849,853,0,0,0,0,0,0,0,0,0,0,0,0,0,0,0,0
-938,-1591,1318,785,0,0,0,0,0,0,0,0,0,0,0,0,0,0,0,0
-1276,-1410,779,795,0,0,0,0,0,0,0,0,0,0,0,0,0,0,0,0
-942,-1691,810,1261,0,0,0,0,0,0,0,0,0,0,0,0,0,0,0,0
-1523,-727,1500,1476,0,0,0,0,0,0,0,0,0,0,0,0,0,0,0,0
-1042,-599,1129,830,0,0,0,0,0,0,0,0,0,0,0,0,0,0,0,0
-1313,-1649,752,1215,0,0,0,0,0,0,0,0,0,0,0,0,0,0,0,0
-749,-419,1155,829,0,0,0,0,0,0,0,0,0,0,0,0,0,0,0,0
-1088,-1162,771,1147,0,0,0,0,0,0,0,0,0,0,0,0,0,0,0,0
-1027,-1179,1159,345,0,0,0,0,0,0,0,0,0,0,0,0,0,0,0,0
-919,-428,890,1076,0,0,0,0,0,0,0,0,0,0,0,0,0,0,0,0
-608,-1166,632,564,0,0,0,0,0,0,0,0,0,0,0,0,0,0,0,0
-1168,-1015,631,1202,0,0,0,0,0,0,0,0,0,0,0,0,0,0,0,0
-1058,-1579,999,687,0,0,0,0,0,0,0,0,0,0,0,0,0,0,0,0
-1184,-472,624,1009,0,0,0,0,0,0,0,0,0,0,0,0,0,0,0,0
-572,-1120,927,405,0,0,0,0,0,0,0,0,0,0,0,0,0,0,0,0
-586,-1180,935,202,0,0,0,0,0,0,0,0,0,0,0,0,0,0,0,0
-866,-1243,672,793,0,0,0,0,0,0,0,0,0,0,0,0,0,0,0,0
-534,-1179,869,219,0,0,0,0,0,0,0,0,0,0,0,0,0,0,0,0
-814,-794,737,187,0,0,0,0,0,0,0,0,0,0,0,0,0,0,0,0
-909,-1479,679,1008,0,0,0,0,0,0,0,0,0,0,0,0,0,0,0,0
-968,-511,525,1265,0,0,0,0,0,0,0,0,0,0,0,0,0,0,0,0
-884,-875,980,140,0,0,0,0,0,0,0,0,0,0,0,0,0,0,0,0
-1065,-541,434,958,0,0,0,0,0,0,0,0,0,0,0,0,0,0,0,0
-1088,-1139,978,626,0,0,0,0,0,0,0,0,0,0,0,0,0,0,0,0
-464,-1117,701,260,0,0,0,0,0,0,0,0,0,0,0,0,0,0,0,0
-1091,-1245,499,863,0,0,0,0,0,0,0,0,0,0,0,0,0,0,0,0
-1251,-474,439,802,0,0,0,0,0,0,0,0,0,0,0,0,0,0,0,0
-1059,-843,463,802,0,0,0,0,0,0,0,0,0,0,0,0,0,0,0,0
-1190,-1266,862,275,0,0,0,0,0,0,0,0,0,0,0,0,0,0,0,0
-1029,-899,492,462,0,0,0,0,0,0,0,0,0,0,0,0,0,0,0,0
-998,-738,725,290,0,0,0,0,0,0,0,0,0,0,0,0,0,0,0,0
-1016,-538,544,900,0,0,0,0,0,0,0,0,0,0,0,0,0,0,0,0
-1386,-511,550,614,0,0,0,0,0,0,0,0,0,0,0,0,0,0,0,0
-683,-1028,978,675,0,0,0,0,0,0,0,0,0,0,0,0,0,0,0,0
-1118,-931,212,768,0,0,0,0,0,0,0,0,0,0,0,0,0,0,0,0
-1180,-624,375,601,0,0,0,0,0,0,0,0,0,0,0,0,0,0,0,0
-718,-1094,367,433,0,0,0,0,0,0,0,0,0,0,0,0,0,0,0,0
-692,-1132,292,1427,0,0,0,0,0,0,0,0,0,0,0,0,0,0,0,0
-783,-809,665,144,0,0,0,0,0,0,0,0,0,0,0,0,0,0,0,0
-1475,-616,391,615,0,0,0,0,0,0,0,0,0,0,0,0,0,0,0,0
-573,-918,538,546,0,0,0,0,0,0,0,0,0,0,0,0,0,0,0,0
-764,-804,555,149,0,0,0,0,0,0,0,0,0,0,0,0,0,0,0,0
-833,-810,665,78,0,0,0,0,0,0,0,0,0,0,0,0,0,0,0,0
-1165,-1578,534,332,0,0,0,0,0,0,0,0,0,0,0,0,0,0,0,0
-716,-969,484,595,0,0,0,0,0,0,0,0,0,0,0,0,0,0,0,0
-904,-991,336,366,0,0,0,0,0,0,0,0,0,0,0,0,0,0,0,0
-867,-1083,210,-35,0,0,0,0,0,0,0,0,0,0,0,0,0,0,0,0
-1128,-1302,427,424,0,0,0,0,0,0,0,0,0,0,0,0,0,0,0,0
-626,-819,404,206,0,0,0,0,0,0,0,0,0,0,0,0,0,0,0,0
-930,-1082,469,700,0,0,0,0,0,0,0,0,0,0,0,0,0,0,0,0
-784,-956,400,388,0,0,0,0,0,0,0,0,0,0,0,0,0,0,0,0
-433,-542,236,498,0,0,0,0,0,0,0,0,0,0,0,0,0,0,0,0
-636,-1018,353,180,0,0,0,0,0,0,0,0,0,0,0,0,0,0,0,0
-792,-428,467,398,0,0,0,0,0,0,0,0,0,0,0,0,0,0,0,0
-365,-306,702,1164,0,0,0,0,0,0,0,0,0,0,0,0,0,0,0,0
-1011,-863,115,220,0,0,0,0,0,0,0,0,0,0,0,0,0,0,0,0
-727,-1144,484,202,0,0,0,0,0,0,0,0,0,0,0,0,0,0,0,0
-1647,-1143,435,422,0,0,0,0,0,0,0,0,0,0,0,0,0,0,0,0
-903,-479,150,243,0,0,0,0,0,0,0,0,0,0,0,0,0,0,0,0
-401,-302,323,907,0,0,0,0,0,0,0,0,0,0,0,0,0,0,0,0
-361,-1018,86,285,0,0,0,0,0,0,0,0,0,0,0,0,0,0,0,0
-284,-555,-1,286,0,0,0,0,0,0,0,0,0,0,0,0,0,0,0,0
-55,-90,-182,-170,0,0,0,0,0,0,0,0,0,0,0,0,0,0,0,0
-123,-78,-206,-136,0,0,0,0,0,0,0,0,0,0,0,0,0,0,0,0
-101,-149,-157,-244,0,0,0,0,0,0,0,0,0,0,0,0,0,0,0,0
-204,-222,-278,-170,0,0,0,0,0,0,0,0,0,0,0,0,0,0,0,0
-305,-250,-181,-244,0,0,0,0,0,0,0,0,0,0,0,0,0,0,0,0
-231,-250,-254,-210,0,0,0,0,0,0,0,0,0,0,0,0,0,0,0,0
-260,-177,-254,-309,0,0,0,0,0,0,0,0,0,0,0,0,0,0,0,0
-261,-442,-301,-495,0,0,0,0,0,0,0,0,0,0,0,0,0,0,0,0
-377,-398,-374,-287,0,0,0,0,0,0,0,0,0,0,0,0,0,0,0,0
-409,-295,-328,-330,0,0,0,0,0,0,0,0,0,0,0,0,0,0,0,0
-378,-368,-328,-433,0,0,0,0,0,0,0,0,0,0,0,0,0,0,0,0
-304,-399,-373,-287,0,0,0,0,0,0,0,0,0,0,0,0,0,0,0,0
-525,-368,-402,-463,0,0,0,0,0,0,0,0,0,0,0,0,0,0,0,0
-378,-368,-300,-361,0,0,0,0,0,0,0,0,0,0,0,0,0,0,0,0
-389,-399,-402,-434,0,0,0,0,0,0,0,0,0,0,0,0,0,0,0,0
-482,-325,-402,-288,0,0,0,0,0,0,0,0,0,0,0,0,0,0,0,0
-335,-441,-37,-361,0,0,0,0,0,0,0,0,0,0,0,0,0,0,0,0
-377,-336,-299,-462,0,0,0,0,0,0,0,0,0,0,0,0,0,0,0,0
-346,-441,-504,-361,0,0,0,0,0,0,0,0,0,0,0,0,0,0,0,0
-409,-399,-329,-361,0,0,0,0,0,0,0,0,0,0,0,0,0,0,0,0
-377,-399,-446,-462,0,0,0,0,0,0,0,0,0,0,0,0,0,0,0,0
-377,-399,-402,-361,0,0,0,0,0,0,0,0,0,0,0,0,0,0,0,0
-409,-429,-476,-434,0,0,0,0,0,0,0,0,0,0,0,0,0,0,0,0
-377,-503,-329,-462,0,0,0,0,0,0,0,0,0,0,0,0,0,0,0,0
-377,-399,-402,-462,0,0,0,0,0,0,0,0,0,0,0,0,0,0,0,0
-377,-472,-358,-389,0,0,0,0,0,0,0,0,0,0,0,0,0,0,0,0
-409,-368,-402,-389,0,0,0,0,0,0,0,0,0,0,0,0,0,0,0,0
-377,-325,-299,-389,0,0,0,0,0,0,0,0,0,0,0,0,0,0,0,0
-377,-429,-269,-261,0,0,0,0,0,0,0,0,0,0,0,0,0,0,0,0
-409,-399,-372,-362,0,0,0,0,0,0,0,0,0,0,0,0,0,0,0,0
-303,-399,-328,-335,0,0,0,0,0,0,0,0,0,0,0,0,0,0,0,0
-420,-368,-446,-362,0,0,0,0,0,0,0,0,0,0,0,0,0,0,0,0
-377,-399,-372,-362,0,0,0,0,0,0,0,0,0,0,0,0,0,0,0,0
-420,-399,-299,-388,0,0,0,0,0,0,0,0,0,0,0,0,0,0,0,0
-556,-325,-622,-362,0,0,0,0,0,0,0,0,0,0,0,0,0,0,0,0
-409,-293,-402,-255,0,0,0,0,0,0,0,0,0,0,0,0,0,0,0,0
-409,-441,-328,-346,0,0,0,0,0,0,0,0,0,0,0,0,0,0,0,0
-346,-441,-402,-466,0,0,0,0,0,0,0,0,0,0,0,0,0,0,0,0
-377,-325,-402,-408,0,0,0,0,0,0,0,0,0,0,0,0,0,0,0,0
-482,-399,-476,-408,0,0,0,0,0,0,0,0,0,0,0,0,0,0,0,0
-451,-473,-476,-474,0,0,0,0,0,0,0,0,0,0,0,0,0,0,0,0
-524,-472,-402,-541,0,0,0,0,0,0,0,0,0,0,0,0,0,0,0,0
-631,-439,-475,-540,0,0,0,0,0,0,0,0,0,0,0,0,0,0,0,0
-557,-472,-549,-474,0,0,0,0,0,0,0,0,0,0,0,0,0,0,0,0
-524,-513,-587,-469,0,0,0,0,0,0,0,0,0,0,0,0,0,0,0,0
-451,-621,-623,-536,0,0,0,0,0,0,0,0,0,0,0,0,0,0,0,0
-524,-621,-513,-597,0,0,0,0,0,0,0,0,0,0,0,0,0,0,0,0
-524,-547,-586,-469,0,0,0,0,0,0,0,0,0,0,0,0,0,0,0,0
-591,-547,-475,-545,0,0,0,0,0,0,0,0,0,0,0,0,0,0,0,0
-451,-513,-623,-531,0,0,0,0,0,0,0,0,0,0,0,0,0,0,0,0
-524,-473,-587,-474,0,0,0,0,0,0,0,0,0,0,0,0,0,0,0,0
-557,-553,-623,-536,0,0,0,0,0,0,0,0,0,0,0,0,0,0,0,0
-524,-473,-549,-606,0,0,0,0,0,0,0,0,0,0,0,0,0,0,0,0
-598,-439,-587,-602,0,0,0,0,0,0,0,0,0,0,0,0,0,0,0,0
-484,-547,-513,-536,0,0,0,0,0,0,0,0,0,0,0,0,0,0,0,0
-524,-581,-587,-536,0,0,0,0,0,0,0,0,0,0,0,0,0,0,0,0
-598,-587,-587,-602,0,0,0,0,0,0,0,0,0,0,0,0,0,0,0,0
-598,-513,-587,-533,0,0,0,0,0,0,0,0,0,0,0,0,0,0,0,0
-484,-621,-549,-537,0,0,0,0,0,0,0,0,0,0,0,0,0,0,0,0
-598,-547,-662,-605,0,0,0,0,0,0,0,0,0,0,0,0,0,0,0,0
-672,-512,-548,-537,0,0,0,0,0,0,0,0,0,0,0,0,0,0,0,0
-597,-621,-588,-667,0,0,0,0,0,0,0,0,0,0,0,0,0,0,0,0
-632,-621,-622,-599,0,0,0,0,0,0,0,0,0,0,0,0,0,0,0,0
-632,-695,-736,-537,0,0,0,0,0,0,0,0,0,0,0,0,0,0,0,0
-562,-730,-514,-604,0,0,0,0,0,0,0,0,0,0,0,0,0,0,0,0
-741,-586,-548,-602,0,0,0,0,0,0,0,0,0,0,0,0,0,0,0,0
-597,-547,-622,-667,0,0,0,0,0,0,0,0,0,0,0,0,0,0,0,0
-632,-621,-662,-602,0,0,0,0,0,0,0,0,0,0,0,0,0,0,0,0
-706,-626,-662,-602,0,0,0,0,0,0,0,0,0,0,0,0,0,0,0,0
-632,-656,-588,-662,0,0,0,0,0,0,0,0,0,0,0,0,0,0,0,0
-667,-621,-736,-599,0,0,0,0,0,0,0,0,0,0,0,0,0,0,0,0
-671,-660,-548,-665,0,0,0,0,0,0,0,0,0,0,0,0,0,0,0,0
-667,-586,-548,-667,0,0,0,0,0,0,0,0,0,0,0,0,0,0,0,0
-523,-695,-662,-599,0,0,0,0,0,0,0,0,0,0,0,0,0,0,0,0
-632,-512,-661,-599,0,0,0,0,0,0,0,0,0,0,0,0,0,0,0,0
-597,-660,-661,-730,0,0,0,0,0,0,0,0,0,0,0,0,0,0,0,0
-632,-621,-702,-665,0,0,0,0,0,0,0,0,0,0,0,0,0,0,0,0
-671,-660,-661,-667,0,0,0,0,0,0,0,0,0,0,0,0,0,0,0,0
-706,-621,-622,-602,0,0,0,0,0,0,0,0,0,0,0,0,0,0,0,0
-632,-364,-588,-665,0,0,0,0,0,0,0,0,0,0,0,0,0,0,0,0
-671,-586,-622,-665,0,0,0,0,0,0,0,0,0,0,0,0,0,0,0,0
-597,-621,-629,-732,0,0,0,0,0,0,0,0,0,0,0,0,0,0,0,0
-632,-695,-588,-667,0,0,0,0,0,0,0,0,0,0,0,0,0,0,0,0
-597,-621,-548,-602,0,0,0,0,0,0,0,0,0,0,0,0,0,0,0,0
-671,-586,-588,-665,0,0,0,0,0,0,0,0,0,0,0,0,0,0,0,0
-706,-586,-622,-667,0,0,0,0,0,0,0,0,0,0,0,0,0,0,0,0
-667,-695,-702,-601,0,0,0,0,0,0,0,0,0,0,0,0,0,0,0,0
-597,-695,-622,-600,0,0,0,0,0,0,0,0,0,0,0,0,0,0,0,0
-597,-586,-629,-535,0,0,0,0,0,0,0,0,0,0,0,0,0,0,0,0
-597,-586,-622,-603,0,0,0,0,0,0,0,0,0,0,0,0,0,0,0,0
-597,-621,-588,-665,0,0,0,0,0,0,0,0,0,0,0,0,0,0,0,0
-706,5,-622,-600,0,0,0,0,0,0,0,0,0,0,0,0,0,0,0,0
-632,-695,-661,-600,0,0,0,0,0,0,0,0,0,0,0,0,0,0,0,0
-632,-621,-668,-600,0,0,0,0,0,0,0,0,0,0,0,0,0,0,0,0
-780,-695,-629,-601,0,0,0,0,0,0,0,0,0,0,0,0,0,0,0,0
-632,-695,-547,-601,0,0,0,0,0,0,0,0,0,0,0,0,0,0,0,0
-706,-621,-703,-665,0,0,0,0,0,0,0,0,0,0,0,0,0,0,0,0
-597,-734,-588,-599,0,0,0,0,0,0,0,0,0,0,0,0,0,0,0,0
-632,-551,-662,-665,0,0,0,0,0,0,0,0,0,0,0,0,0,0,0,0
-707,-657,-661,-600,0,0,0,0,0,0,0,0,0,0,0,0,0,0,0,0
-780,-657,-588,-664,0,0,0,0,0,0,0,0,0,0,0,0,0,0,0,0
-706,-621,-822,-601,0,0,0,0,0,0,0,0,0,0,0,0,0,0,0,0
-781,-695,-778,-729,0,0,0,0,0,0,0,0,0,0,0,0,0,0,0,0
-633,-657,-632,-602,0,0,0,0,0,0,0,0,0,0,0,0,0,0,0,0
-744,-880,-778,-792,0,0,0,0,0,0,0,0,0,0,0,0,0,0,0,0
-707,-806,-559,-796,0,0,0,0,0,0,0,0,0,0,0,0,0,0,0,0
-855,-695,-873,-731,0,0,0,0,0,0,0,0,0,0,0,0,0,0,0,0
-892,-806,-703,-792,0,0,0,0,0,0,0,0,0,0,0,0,0,0,0,0
-818,-769,-752,-729,0,0,0,0,0,0,0,0,0,0,0,0,0,0,0,0
-818,-695,-664,-729,0,0,0,0,0,0,0,0,0,0,0,0,0,0,0,0
-855,-880,-790,-718,0,0,0,0,0,0,0,0,0,0,0,0,0,0,0,0
-707,-843,-790,-678,0,0,0,0,0,0,0,0,0,0,0,0,0,0,0,0
-781,-769,-410,-597,0,0,0,0,0,0,0,0,0,0,0,0,0,0,0,0
-707,-732,-734,-712,0,0,0,0,0,0,0,0,0,0,0,0,0,0,0,0
-780,-917,-878,-839,0,0,0,0,0,0,0,0,0,0,0,0,0,0,0,0
-819,-769,-734,-840,0,0,0,0,0,0,0,0,0,0,0,0,0,0,0,0
-710,-658,-769,-840,0,0,0,0,0,0,0,0,0,0,0,0,0,0,0,0
-780,-843,-769,-777,0,0,0,0,0,0,0,0,0,0,0,0,0,0,0,0
-892,-843,-769,-712,0,0,0,0,0,0,0,0,0,0,0,0,0,0,0,0
-854,-732,-731,-711,0,0,0,0,0,0,0,0,0,0,0,0,0,0,0,0
-854,-769,-661,-841,0,0,0,0,0,0,0,0,0,0,0,0,0,0,0,0
-744,-843,-770,-775,0,0,0,0,0,0,0,0,0,0,0,0,0,0,0,0
-780,-769,-843,-841,0,0,0,0,0,0,0,0,0,0,0,0,0,0,0,0
-780,-695,-952,-775,0,0,0,0,0,0,0,0,0,0,0,0,0,0,0,0
-818,-843,-769,-711,0,0,0,0,0,0,0,0,0,0,0,0,0,0,0,0
-892,-769,-769,-777,0,0,0,0,0,0,0,0,0,0,0,0,0,0,0,0
-670,-769,-843,-777,0,0,0,0,0,0,0,0,0,0,0,0,0,0,0,0
-706,-806,-769,-777,0,0,0,0,0,0,0,0,0,0,0,0,0,0,0,0
-854,-806,-809,-840,0,0,0,0,0,0,0,0,0,0,0,0,0,0,0,0
-780,-769,-769,-775,0,0,0,0,0,0,0,0,0,0,0,0,0,0,0,0
-744,-806,-769,-777,0,0,0,0,0,0,0,0,0,0,0,0,0,0,0,0
-780,-843,-769,-840,0,0,0,0,0,0,0,0,0,0,0,0,0,0,0,0
-780,-843,-878,-775,0,0,0,0,0,0,0,0,0,0,0,0,0,0,0,0
-854,-769,-843,-775,0,0,0,0,0,0,0,0,0,0,0,0,0,0,0,0
-817,-917,-769,-774,0,0,0,0,0,0,0,0,0,0,0,0,0,0,0,0
-744,-732,-769,-777,0,0,0,0,0,0,0,0,0,0,0,0,0,0,0,0
-854,-880,-769,-840,0,0,0,0,0,0,0,0,0,0,0,0,0,0,0,0
-670,-806,-804,-839,0,0,0,0,0,0,0,0,0,0,0,0,0,0,0,0
-854,-769,-843,-840,0,0,0,0,0,0,0,0,0,0,0,0,0,0,0,0
-928,-843,-843,-841,0,0,0,0,0,0,0,0,0,0,0,0,0,0,0,0
-892,-917,-843,-840,0,0,0,0,0,0,0,0,0,0,0,0,0,0,0,0
-818,-842,-843,-840,0,0,0,0,0,0,0,0,0,0,0,0,0,0,0,0
-928,-880,-917,-903,0,0,0,0,0,0,0,0,0,0,0,0,0,0,0,0
-818,-842,-843,-905,0,0,0,0,0,0,0,0,0,0,0,0,0,0,0,0
-854,-842,-736,-774,0,0,0,0,0,0,0,0,0,0,0,0,0,0,0,0
-891,-806,-810,-840,0,0,0,0,0,0,0,0,0,0,0,0,0,0,0,0
-854,-880,-810,-840,0,0,0,0,0,0,0,0,0,0,0,0,0,0,0,0
-965,-916,-810,-905,0,0,0,0,0,0,0,0,0,0,0,0,0,0,0,0
-891,-768,-842,-777,0,0,0,0,0,0,0,0,0,0,0,0,0,0,0,0
-892,-916,-958,-774,0,0,0,0,0,0,0,0,0,0,0,0,0,0,0,0
-854,-916,-884,-844,0,0,0,0,0,0,0,0,0,0,0,0,0,0,0,0
-818,-806,-884,-840,0,0,0,0,0,0,0,0,0,0,0,0,0,0,0,0
-928,-842,-884,-967,0,0,0,0,0,0,0,0,0,0,0,0,0,0,0,0
-818,-916,-884,-840,0,0,0,0,0,0,0,0,0,0,0,0,0,0,0,0
-965,-842,-810,-905,0,0,0,0,0,0,0,0,0,0,0,0,0,0,0,0
-818,-954,-884,-774,0,0,0,0,0,0,0,0,0,0,0,0,0,0,0,0
-818,-954,-738,-844,0,0,0,0,0,0,0,0,0,0,0,0,0,0,0,0
-854,-806,-957,-905,0,0,0,0,0,0,0,0,0,0,0,0,0,0,0,0
-818,-845,-810,-857,0,0,0,0,0,0,0,0,0,0,0,0,0,0,0,0
-928,-881,-712,-844,0,0,0,0,0,0,0,0,0,0,0,0,0,0,0,0
-855,-768,-680,-787,0,0,0,0,0,0,0,0,0,0,0,0,0,0,0,0
-929,-916,-743,-751,0,0,0,0,0,0,0,0,0,0,0,0,0,0,0,0
-855,-881,-679,-882,0,0,0,0,0,0,0,0,0,0,0,0,0,0,0,0
-892,-881,-905,-1032,0,0,0,0,0,0,0,0,0,0,0,0,0,0,0,0
-818,-990,-859,-919,0,0,0,0,0,0,0,0,0,0,0,0,0,0,0,0
-891,-881,-886,-884,0,0,0,0,0,0,0,0,0,0,0,0,0,0,0,0
-892,-994,-932,-884,0,0,0,0,0,0,0,0,0,0,0,0,0,0,0,0
-1002,-1103,-1049,-958,0,0,0,0,0,0,0,0,0,0,0,0,0,0,0,0
-1040,-961,-931,-923,0,0,0,0,0,0,0,0,0,0,0,0,0,0,0,0
-1003,-955,-1034,-958,0,0,0,0,0,0,0,0,0,0,0,0,0,0,0,0
-858,-881,-917,-958,0,0,0,0,0,0,0,0,0,0,0,0,0,0,0,0
-1003,-1029,-931,-1106,0,0,0,0,0,0,0,0,0,0,0,0,0,0,0,0
-1077,-955,-1034,-958,0,0,0,0,0,0,0,0,0,0,0,0,0,0,0,0
-966,-955,-991,-1032,0,0,0,0,0,0,0,0,0,0,0,0,0,0,0,0
-1040,-881,-1003,-1068,0,0,0,0,0,0,0,0,0,0,0,0,0,0,0,0
-1114,-996,-1035,-1032,0,0,0,0,0,0,0,0,0,0,0,0,0,0,0,0
-1259,-1102,-1003,-1032,0,0,0,0,0,0,0,0,0,0,0,0,0,0,0,0
-1003,-1102,-1003,-996,0,0,0,0,0,0,0,0,0,0,0,0,0,0,0,0
-965,-1029,-1003,-994,0,0,0,0,0,0,0,0,0,0,0,0,0,0,0,0
-1077,-955,-1003,-1032,0,0,0,0,0,0,0,0,0,0,0,0,0,0,0,0
-1003,-955,-961,-1068,0,0,0,0,0,0,0,0,0,0,0,0,0,0,0,0
-1077,-1062,-1035,-1032,0,0,0,0,0,0,0,0,0,0,0,0,0,0,0,0
-929,-1211,-1003,-1032,0,0,0,0,0,0,0,0,0,0,0,0,0,0,0,0
-1151,-881,-1035,-994,0,0,0,0,0,0,0,0,0,0,0,0,0,0,0,0
-966,-996,-1003,-1106,0,0,0,0,0,0,0,0,0,0,0,0,0,0,0,0
-1114,-1029,-1035,-1106,0,0,0,0,0,0,0,0,0,0,0,0,0,0,0,0
-1003,-914,-1097,-1032,0,0,0,0,0,0,0,0,0,0,0,0,0,0,0,0
-1077,-1070,-993,-1142,0,0,0,0,0,0,0,0,0,0,0,0,0,0,0,0
-1077,-955,-993,-1032,0,0,0,0,0,0,0,0,0,0,0,0,0,0,0,0
-1151,-955,-1108,-1032,0,0,0,0,0,0,0,0,0,0,0,0,0,0,0,0
-1003,-988,-993,-1142,0,0,0,0,0,0,0,0,0,0,0,0,0,0,0,0
-1003,-1029,-993,-1106,0,0,0,0,0,0,0,0,0,0,0,0,0,0,0,0
-892,-1029,-960,-994,0,0,0,0,0,0,0,0,0,0,0,0,0,0,0,0
-1040,-955,-1035,-958,0,0,0,0,0,0,0,0,0,0,0,0,0,0,0,0
-966,-988,-960,-884,0,0,0,0,0,0,0,0,0,0,0,0,0,0,0,0
-966,-914,-1035,-1032,0,0,0,0,0,0,0,0,0,0,0,0,0,0,0,0
-1114,-955,-993,-1068,0,0,0,0,0,0,0,0,0,0,0,0,0,0,0,0
-1077,-807,-994,-958,0,0,0,0,0,0,0,0,0,0,0,0,0,0,0,0
-929,-1102,-960,-996,0,0,0,0,0,0,0,0,0,0,0,0,0,0,0,0
-1077,-1143,-1074,-1106,0,0,0,0,0,0,0,0,0,0,0,0,0,0,0,0
-1077,-881,-994,-995,0,0,0,0,0,0,0,0,0,0,0,0,0,0,0,0
-1003,-1070,-1033,-995,0,0,0,0,0,0,0,0,0,0,0,0,0,0,0,0
-1003,-1102,-1033,-1180,0,0,0,0,0,0,0,0,0,0,0,0,0,0,0,0
-1112,-1028,-958,-1069,0,0,0,0,0,0,0,0,0,0,0,0,0,0,0,0
-1151,-1102,-1065,-1143,0,0,0,0,0,0,0,0,0,0,0,0,0,0,0,0
-968,-923,-932,-1069,0,0,0,0,0,0,0,0,0,0,0,0,0,0,0,0
-1151,-1144,-855,-1183,0,0,0,0,0,0,0,0,0,0,0,0,0,0,0,0
-1076,-1144,-1113,-1067,0,0,0,0,0,0,0,0,0,0,0,0,0,0,0,0
-1264,-1143,-1171,-1183,0,0,0,0,0,0,0,0,0,0,0,0,0,0,0,0
-1150,-1116,-1106,-1109,0,0,0,0,0,0,0,0,0,0,0,0,0,0,0,0
-1264,-1042,-1106,-1109,0,0,0,0,0,0,0,0,0,0,0,0,0,0,0,0
-1149,-655,-1105,-1227,0,0,0,0,0,0,0,0,0,0,0,0,0,0,0,0
-1011,-745,-1112,-1154,0,0,0,0,0,0,0,0,0,0,0,0,0,0,0,0
-998,-612,-983,-1081,0,0,0,0,0,0,0,0,0,0,0,0,0,0,0,0
-734,-606,-1027,-1154,0,0,0,0,0,0,0,0,0,0,0,0,0,0,0,0
-489,-496,-978,-994,0,0,0,0,0,0,0,0,0,0,0,0,0,0,0,0
-475,-929,-1051,-1029,0,0,0,0,0,0,0,0,0,0,0,0,0,0,0,0
-599,-941,-932,-995,0,0,0,0,0,0,0,0,0,0,0,0,0,0,0,0
-870,-883,-1196,-1296,0,0,0,0,0,0,0,0,0,0,0,0,0,0,0,0
-884,-947,-1124,-1109,0,0,0,0,0,0,0,0,0,0,0,0,0,0,0,0
-883,-822,-1006,-1110,0,0,0,0,0,0,0,0,0,0,0,0,0,0,0,0
-922,-779,-859,-995,0,0,0,0,0,0,0,0,0,0,0,0,0,0,0,0
-856,-782,-1079,-1035,0,0,0,0,0,0,0,0,0,0,0,0,0,0,0,0
-894,-353,-1079,-957,0,0,0,0,0,0,0,0,0,0,0,0,0,0,0,0
-761,-687,-1051,-1143,0,0,0,0,0,0,0,0,0,0,0,0,0,0,0,0
-729,-916,-1036,-1069,0,0,0,0,0,0,0,0,0,0,0,0,0,0,0,0
-977,-990,-1079,-1143,0,0,0,0,0,0,0,0,0,0,0,0,0,0,0,0
-822,-915,-977,-995,0,0,0,0,0,0,0,0,0,0,0,0,0,0,0,0
-1001,-921,-1079,-1143,0,0,0,0,0,0,0,0,0,0,0,0,0,0,0,0
-1071,-989,-1036,-1033,0,0,0,0,0,0,0,0,0,0,0,0,0,0,0,0
-1057,-995,-1036,-921,0,0,0,0,0,0,0,0,0,0,0,0,0,0,0,0
-1002,-1103,-977,-1069,0,0,0,0,0,0,0,0,0,0,0,0,0,0,0,0
-1015,-1069,-1051,-1031,0,0,0,0,0,0,0,0,0,0,0,0,0,0,0,0
-1047,-1029,-1006,-1107,0,0,0,0,0,0,0,0,0,0,0,0,0,0,0,0
-945,-1029,-962,-957,0,0,0,0,0,0,0,0,0,0,0,0,0,0,0,0
-1002,-1029,-977,-957,0,0,0,0,0,0,0,0,0,0,0,0,0,0,0,0
-991,-1103,-904,-1069,0,0,0,0,0,0,0,0,0,0,0,0,0,0,0,0
-1048,-1063,-1051,-995,0,0,0,0,0,0,0,0,0,0,0,0,0,0,0,0
-1050,-1062,-1036,-1031,0,0,0,0,0,0,0,0,0,0,0,0,0,0,0,0
-1002,-955,-1006,-957,0,0,0,0,0,0,0,0,0,0,0,0,0,0,0,0
-981,-996,-1006,-995,0,0,0,0,0,0,0,0,0,0,0,0,0,0,0,0
-1060,-1029,-1050,-957,0,0,0,0,0,0,0,0,0,0,0,0,0,0,0,0
-1060,-1029,-1080,-921,0,0,0,0,0,0,0,0,0,0,0,0,0,0,0,0
-944,-1144,-1080,-1031,0,0,0,0,0,0,0,0,0,0,0,0,0,0,0,0
-1050,-1029,-1006,-1031,0,0,0,0,0,0,0,0,0,0,0,0,0,0,0,0
-1080,-1177,-1006,-1181,0,0,0,0,0,0,0,0,0,0,0,0,0,0,0,0
-1002,-955,-1080,-1031,0,0,0,0,0,0,0,0,0,0,0,0,0,0,0,0
-1061,-996,-1050,-1031,0,0,0,0,0,0,0,0,0,0,0,0,0,0,0,0
-1061,-1102,-933,-957,0,0,0,0,0,0,0,0,0,0,0,0,0,0,0,0
-993,-954,-1037,-1031,0,0,0,0,0,0,0,0,0,0,0,0,0,0,0,0
-1002,-1143,-977,-1034,0,0,0,0,0,0,0,0,0,0,0,0,0,0,0,0
-1011,-1029,-1080,-1069,0,0,0,0,0,0,0,0,0,0,0,0,0,0,0,0
-1002,-1070,-1080,-1069,0,0,0,0,0,0,0,0,0,0,0,0,0,0,0,0
-1061,-1029,-1080,-995,0,0,0,0,0,0,0,0,0,0,0,0,0,0,0,0
-993,-1070,-1080,-957,0,0,0,0,0,0,0,0,0,0,0,0,0,0,0,0
-1112,-1070,-786,-996,0,0,0,0,0,0,0,0,0,0,0,0,0,0,0,0
-1002,-996,-1080,-996,0,0,0,0,0,0,0,0,0,0,0,0,0,0,0,0
-993,-922,-859,-1069,0,0,0,0,0,0,0,0,0,0,0,0,0,0,0,0
-1002,-955,-1080,-1069,0,0,0,0,0,0,0,0,0,0,0,0,0,0,0,0
-993,-1102,-977,-1069,0,0,0,0,0,0,0,0,0,0,0,0,0,0,0,0
-1053,-1111,-977,-1143,0,0,0,0,0,0,0,0,0,0,0,0,0,0,0,0
-1001,-1070,-933,-996,0,0,0,0,0,0,0,0,0,0,0,0,0,0,0,0
-1061,-1070,-933,-1069,0,0,0,0,0,0,0,0,0,0,0,0,0,0,0,0
-1273,-954,-933,-996,0,0,0,0,0,0,0,0,0,0,0,0,0,0,0,0
-1054,-1176,-1080,-1182,0,0,0,0,0,0,0,0,0,0,0,0,0,0,0,0
-927,-954,-903,-996,0,0,0,0,0,0,0,0,0,0,0,0,0,0,0,0
-1054,-1028,-1006,-1069,0,0,0,0,0,0,0,0,0,0,0,0,0,0,0,0
-994,-996,-1080,-1108,0,0,0,0,0,0,0,0,0,0,0,0,0,0,0,0
-1055,-1028,-1006,-1035,0,0,0,0,0,0,0,0,0,0,0,0,0,0,0,0
-1049,-1028,-1111,-1069,0,0,0,0,0,0,0,0,0,0,0,0,0,0,0,0
-988,-1186,-1153,-996,0,0,0,0,0,0,0,0,0,0,0,0,0,0,0,0
-1055,-954,-933,-996,0,0,0,0,0,0,0,0,0,0,0,0,0,0,0,0
-1116,-1028,-1006,-996,0,0,0,0,0,0,0,0,0,0,0,0,0,0,0,0
-994,-1070,-933,-1110,0,0,0,0,0,0,0,0,0,0,0,0,0,0,0,0
-994,-1144,-1080,-1143,0,0,0,0,0,0,0,0,0,0,0,0,0,0,0,0
-1055,-1070,-1037,-1110,0,0,0,0,0,0,0,0,0,0,0,0,0,0,0,0
-993,-1070,-976,-995,0,0,0,0,0,0,0,0,0,0,0,0,0,0,0,0
-1055,-997,-1049,-1069,0,0,0,0,0,0,0,0,0,0,0,0,0,0,0,0
-1124,-997,-1154,-989,0,0,0,0,0,0,0,0,0,0,0,0,0,0,0,0
-1121,-1027,-1007,-1069,0,0,0,0,0,0,0,0,0,0,0,0,0,0,0,0
-1116,-1071,-1049,-1036,0,0,0,0,0,0,0,0,0,0,0,0,0,0,0,0
-1055,-1070,-1049,-1069,0,0,0,0,0,0,0,0,0,0,0,0,0,0,0,0
-1053,-997,-1037,-1036,0,0,0,0,0,0,0,0,0,0,0,0,0,0,0,0
-1055,-997,-1007,-996,0,0,0,0,0,0,0,0,0,0,0,0,0,0,0,0
-988,-953,-1185,-1102,0,0,0,0,0,0,0,0,0,0,0,0,0,0,0,0
-1127,-997,-1154,-1217,0,0,0,0,0,0,0,0,0,0,0,0,0,0,0,0
-1056,-1144,-901,-1217,0,0,0,0,0,0,0,0,0,0,0,0,0,0,0,0
-1173,-1023,-1007,-1365,0,0,0,0,0,0,0,0,0,0,0,0,0,0,0,0
-1012,-922,-1080,-1036,0,0,0,0,0,0,0,0,0,0,0,0,0,0,0,0
-1053,-1115,-1049,-1176,0,0,0,0,0,0,0,0,0,0,0,0,0,0,0,0
-1032,-1041,-1007,-1069,0,0,0,0,0,0,0,0,0,0,0,0,0,0,0,0
-1082,-1142,-1080,-1183,0,0,0,0,0,0,0,0,0,0,0,0,0,0,0,0
-693,-1018,-1080,-1109,0,0,0,0,0,0,0,0,0,0,0,0,0,0,0,0
-1224,-920,-1154,-1109,0,0,0,0,0,0,0,0,0,0,0,0,0,0,0,0
-1010,-631,-1154,-1069,0,0,0,0,0,0,0,0,0,0,0,0,0,0,0,0
-1042,-995,-1080,-1225,0,0,0,0,0,0,0,0,0,0,0,0,0,0,0,0
-860,-863,-933,-1217,0,0,0,0,0,0,0,0,0,0,0,0,0,0,0,0
-868,-944,-1080,-955,0,0,0,0,0,0,0,0,0,0,0,0,0,0,0,0
-806,-670,-1038,-1143,0,0,0,0,0,0,0,0,0,0,0,0,0,0,0,0
-874,-864,-1186,-995,0,0,0,0,0,0,0,0,0,0,0,0,0,0,0,0
-904,-790,-1039,-993,0,0,0,0,0,0,0,0,0,0,0,0,0,0,0,0
-767,-1226,-1153,-1180,0,0,0,0,0,0,0,0,0,0,0,0,0,0,0,0
-654,-931,-965,-1106,0,0,0,0,0,0,0,0,0,0,0,0,0,0,0,0
-993,-971,-1186,-1031,0,0,0,0,0,0,0,0,0,0,0,0,0,0,0,0
-1000,-1044,-1006,-1031,0,0,0,0,0,0,0,0,0,0,0,0,0,0,0,0
-989,-1158,-1006,-1070,0,0,0,0,0,0,0,0,0,0,0,0,0,0,0,0
-991,-1151,-965,-996,0,0,0,0,0,0,0,0,0,0,0,0,0,0,0,0
-1054,-1118,-1112,-1070,0,0,0,0,0,0,0,0,0,0,0,0,0,0,0,0
-1053,-970,-1039,-996,0,0,0,0,0,0,0,0,0,0,0,0,0,0,0,0
-919,-1160,-974,-1031,0,0,0,0,0,0,0,0,0,0,0,0,0,0,0,0
-1056,-855,-1080,-1075,0,0,0,0,0,0,0,0,0,0,0,0,0,0,0,0
-1064,-1044,-1080,-1183,0,0,0,0,0,0,0,0,0,0,0,0,0,0,0,0
-973,-1044,-1080,-1069,0,0,0,0,0,0,0,0,0,0,0,0,0,0,0,0
-1120,-940,-1039,-1143,0,0,0,0,0,0,0,0,0,0,0,0,0,0,0,0
-1169,-1014,-1112,-1029,0,0,0,0,0,0,0,0,0,0,0,0,0,0,0,0
-1096,-1133,-1186,-1109,0,0,0,0,0,0,0,0,0,0,0,0,0,0,0,0
-1120,-688,-1112,-1143,0,0,0,0,0,0,0,0,0,0,0,0,0,0,0,0
-928,-821,-1080,-887,0,0,0,0,0,0,0,0,0,0,0,0,0,0,0,0
-919,-954,-1039,-1069,0,0,0,0,0,0,0,0,0,0,0,0,0,0,0,0
-808,-585,-1039,-1035,0,0,0,0,0,0,0,0,0,0,0,0,0,0,0,0
-726,-846,-1080,-1107,0,0,0,0,0,0,0,0,0,0,0,0,0,0,0,0
-881,-746,-1039,-1069,0,0,0,0,0,0,0,0,0,0,0,0,0,0,0,0
-679,-412,-1080,-1069,0,0,0,0,0,0,0,0,0,0,0,0,0,0,0,0
-823,-533,-932,-995,0,0,0,0,0,0,0,0,0,0,0,0,0,0,0,0
-895,-854,-965,-995,0,0,0,0,0,0,0,0,0,0,0,0,0,0,0,0
-924,-956,-1112,-1069,0,0,0,0,0,0,0,0,0,0,0,0,0,0,0,0
-898,-990,-1112,-1143,0,0,0,0,0,0,0,0,0,0,0,0,0,0,0,0
-864,-1102,-1006,-995,0,0,0,0,0,0,0,0,0,0,0,0,0,0,0,0
-1000,-916,-1153,-957,0,0,0,0,0,0,0,0,0,0,0,0,0,0,0,0
-1031,-1029,-1080,-1105,0,0,0,0,0,0,0,0,0,0,0,0,0,0,0,0
-1086,-1176,-1112,-1069,0,0,0,0,0,0,0,0,0,0,0,0,0,0,0,0
-1057,-1142,-1006,-1069,0,0,0,0,0,0,0,0,0,0,0,0,0,0,0,0
-1002,-990,-932,-921,0,0,0,0,0,0,0,0,0,0,0,0,0,0,0,0
-1002,-1137,-1186,-1143,0,0,0,0,0,0,0,0,0,0,0,0,0,0,0,0
-1002,-1029,-1039,-957,0,0,0,0,0,0,0,0,0,0,0,0,0,0,0,0
-1014,-955,-1112,-1031,0,0,0,0,0,0,0,0,0,0,0,0,0,0,0,0
-1002,-512,-932,-995,0,0,0,0,0,0,0,0,0,0,0,0,0,0,0,0
-1128,-989,-1006,-995,0,0,0,0,0,0,0,0,0,0,0,0,0,0,0,0
-1002,-1069,-1039,-1031,0,0,0,0,0,0,0,0,0,0,0,0,0,0,0,0
-1002,-955,-1112,-1069,0,0,0,0,0,0,0,0,0,0,0,0,0,0,0,0
-1002,-1103,-1048,-957,0,0,0,0,0,0,0,0,0,0,0,0,0,0,0,0
-1002,-1063,-1291,-1217,0,0,0,0,0,0,0,0,0,0,0,0,0,0,0,0
-1013,-955,-1039,-1069,0,0,0,0,0,0,0,0,0,0,0,0,0,0,0,0
-1059,-1103,-1112,-921,0,0,0,0,0,0,0,0,0,0,0,0,0,0,0,0
-933,-1029,-1006,-1069,0,0,0,0,0,0,0,0,0,0,0,0,0,0,0,0
-1081,-1144,-1112,-1179,0,0,0,0,0,0,0,0,0,0,0,0,0,0,0,0
-1081,-1070,-1186,-921,0,0,0,0,0,0,0,0,0,0,0,0,0,0,0,0
-1139,-1103,-1080,-1069,0,0,0,0,0,0,0,0,0,0,0,0,0,0,0,0
-1071,-996,-1145,-957,0,0,0,0,0,0,0,0,0,0,0,0,0,0,0,0
-1071,-955,-1080,-1069,0,0,0,0,0,0,0,0,0,0,0,0,0,0,0,0
-1071,-1029,-1006,-1069,0,0,0,0,0,0,0,0,0,0,0,0,0,0,0,0
-1119,-1029,-1039,-1069,0,0,0,0,0,0,0,0,0,0,0,0,0,0,0,0
-1061,-1110,-1113,-1031,0,0,0,0,0,0,0,0,0,0,0,0,0,0,0,0
-1061,-1070,-1039,-957,0,0,0,0,0,0,0,0,0,0,0,0,0,0,0,0
-1051,-955,-1080,-738,0,0,0,0,0,0,0,0,0,0,0,0,0,0,0,0
-992,-1103,-1006,-1069,0,0,0,0,0,0,0,0,0,0,0,0,0,0,0,0
-1051,-1029,-1006,-1069,0,0,0,0,0,0,0,0,0,0,0,0,0,0,0,0
-1137,-1103,-1039,-1069,0,0,0,0,0,0,0,0,0,0,0,0,0,0,0,0
-1061,-1144,-1113,-1069,0,0,0,0,0,0,0,0,0,0,0,0,0,0,0,0
-1002,-1028,-1113,-1108,0,0,0,0,0,0,0,0,0,0,0,0,0,0,0,0
-1061,-996,-1113,-1031,0,0,0,0,0,0,0,0,0,0,0,0,0,0,0,0
-1128,-1070,-1080,-1069,0,0,0,0,0,0,0,0,0,0,0,0,0,0,0,0
-1121,-1028,-1113,-1143,0,0,0,0,0,0,0,0,0,0,0,0,0,0,0,0
-1001,-914,-965,-1143,0,0,0,0,0,0,0,0,0,0,0,0,0,0,0,0
-1001,-954,-1039,-1069,0,0,0,0,0,0,0,0,0,0,0,0,0,0,0,0
-1068,-1144,-1113,-1143,0,0,0,0,0,0,0,0,0,0,0,0,0,0,0,0
-1068,-1028,-1080,-1031,0,0,0,0,0,0,0,0,0,0,0,0,0,0,0,0
-1000,-1070,-1006,-1182,0,0,0,0,0,0,0,0,0,0,0,0,0,0,0,0
-1186,-1102,-1154,-1256,0,0,0,0,0,0,0,0,0,0,0,0,0,0,0,0
-1186,-1070,-1187,-1069,0,0,0,0,0,0,0,0,0,0,0,0,0,0,0,0
-1000,-1059,-1039,-1143,0,0,0,0,0,0,0,0,0,0,0,0,0,0,0,0
-1000,-1070,-1113,-1182,0,0,0,0,0,0,0,0,0,0,0,0,0,0,0,0
-1179,-1186,-1146,-1069,0,0,0,0,0,0,0,0,0,0,0,0,0,0,0,0
-1049,-1070,-1006,-1035,0,0,0,0,0,0,0,0,0,0,0,0,0,0,0,0
-1055,-1113,-1006,-1069,0,0,0,0,0,0,0,0,0,0,0,0,0,0,0,0
-1005,-996,-1006,-995,0,0,0,0,0,0,0,0,0,0,0,0,0,0,0,0
-993,-1218,-1080,-1143,0,0,0,0,0,0,0,0,0,0,0,0,0,0,0,0
-1051,-1071,-1039,-995,0,0,0,0,0,0,0,0,0,0,0,0,0,0,0,0
-1181,-1218,-1113,-1069,0,0,0,0,0,0,0,0,0,0,0,0,0,0,0,0
-1059,-1070,-965,-962,0,0,0,0,0,0,0,0,0,0,0,0,0,0,0,0
-1121,-1144,-1113,-1184,0,0,0,0,0,0,0,0,0,0,0,0,0,0,0,0
-1117,-1040,-1154,-995,0,0,0,0,0,0,0,0,0,0,0,0,0,0,0,0
-1117,-1144,-1187,-1184,0,0,0,0,0,0,0,0,0,0,0,0,0,0,0,0
-1184,-1071,-1154,-1103,0,0,0,0,0,0,0,0,0,0,0,0,0,0,0,0
-1121,-1100,-1080,-1258,0,0,0,0,0,0,0,0,0,0,0,0,0,0,0,0
-1181,-1144,-1187,-1217,0,0,0,0,0,0,0,0,0,0,0,0,0,0,0,0
-1177,-1248,-1154,-1224,0,0,0,0,0,0,0,0,0,0,0,0,0,0,0,0
-1120,-1071,-1006,-928,0,0,0,0,0,0,0,0,0,0,0,0,0,0,0,0
-1241,-1187,-1187,-1184,0,0,0,0,0,0,0,0,0,0,0,0,0,0,0,0
-1246,-1217,-1080,-1143,0,0,0,0,0,0,0,0,0,0,0,0,0,0,0,0
-1181,-1217,-1259,-1143,0,0,0,0,0,0,0,0,0,0,0,0,0,0,0,0
-1118,-1217,-1187,-1069,0,0,0,0,0,0,0,0,0,0,0,0,0,0,0,0
-1119,-1217,-1187,-1143,0,0,0,0,0,0,0,0,0,0,0,0,0,0,0,0
-1117,-1144,-1039,-1143,0,0,0,0,0,0,0,0,0,0,0,0,0,0,0,0
-1120,-1144,-1046,-1184,0,0,0,0,0,0,0,0,0,0,0,0,0,0,0,0
-1153,-1143,-1147,-1258,0,0,0,0,0,0,0,0,0,0,0,0,0,0,0,0
-1054,-808,-1187,-1151,0,0,0,0,0,0,0,0,0,0,0,0,0,0,0,0
-1029,-873,-1226,-1184,0,0,0,0,0,0,0,0,0,0,0,0,0,0,0,0
-702,-1045,-1113,-1256,0,0,0,0,0,0,0,0,0,0,0,0,0,0,0,0
-1117,-1278,-1154,-1183,0,0,0,0,0,0,0,0,0,0,0,0,0,0,0,0
-1183,-1161,-1292,-1143,0,0,0,0,0,0,0,0,0,0,0,0,0,0,0,0
-1453,-1234,-1259,-1069,0,0,0,0,0,0,0,0,0,0,0,0,0,0,0,0
-1184,-1144,-1113,-1258,0,0,0,0,0,0,0,0,0,0,0,0,0,0,0,0
-1128,-1218,-1221,-1143,0,0,0,0,0,0,0,0,0,0,0,0,0,0,0,0
-1128,-1218,-1147,-1069,0,0,0,0,0,0,0,0,0,0,0,0,0,0,0,0
-1220,-1218,-1039,-1217,0,0,0,0,0,0,0,0,0,0,0,0,0,0,0,0
-1196,-1218,-1225,-1069,0,0,0,0,0,0,0,0,0,0,0,0,0,0,0,0
-1152,-1218,-1182,-1217,0,0,0,0,0,0,0,0,0,0,0,0,0,0,0,0
-1265,-1176,-1113,-1143,0,0,0,0,0,0,0,0,0,0,0,0,0,0,0,0
-1196,-1250,-1259,-1297,0,0,0,0,0,0,0,0,0,0,0,0,0,0,0,0
-1184,-1102,-1147,-1143,0,0,0,0,0,0,0,0,0,0,0,0,0,0,0,0
-1195,-1292,-1079,-1224,0,0,0,0,0,0,0,0,0,0,0,0,0,0,0,0
-1184,-1102,-1187,-1184,0,0,0,0,0,0,0,0,0,0,0,0,0,0,0,0
-1184,-1218,-1225,-1258,0,0,0,0,0,0,0,0,0,0,0,0,0,0,0,0
-1151,-1176,-1259,-1217,0,0,0,0,0,0,0,0,0,0,0,0,0,0,0,0
-1139,-1292,-1187,-1217,0,0,0,0,0,0,0,0,0,0,0,0,0,0,0,0
-1184,-1260,-1113,-1217,0,0,0,0,0,0,0,0,0,0,0,0,0,0,0,0
-1184,-1060,-1153,-1184,0,0,0,0,0,0,0,0,0,0,0,0,0,0,0,0
-1128,-1102,-1259,-1184,0,0,0,0,0,0,0,0,0,0,0,0,0,0,0,0
-1207,-1186,-1187,-1103,0,0,0,0,0,0,0,0,0,0,0,0,0,0,0,0
-1082,-1176,-1113,-1258,0,0,0,0,0,0,0,0,0,0,0,0,0,0,0,0
-1195,-1176,-1113,-1143,0,0,0,0,0,0,0,0,0,0,0,0,0,0,0,0
-1195,-1029,-1187,-1217,0,0,0,0,0,0,0,0,0,0,0,0,0,0,0,0
-1195,-1186,-1113,-1258,0,0,0,0,0,0,0,0,0,0,0,0,0,0,0,0
-1195,-1144,-1293,-1331,0,0,0,0,0,0,0,0,0,0,0,0,0,0,0,0
-1253,-1260,-1299,-1184,0,0,0,0,0,0,0,0,0,0,0,0,0,0,0,0
-1139,-1144,-1187,-1217,0,0,0,0,0,0,0,0,0,0,0,0,0,0,0,0
-1195,-1218,-1153,-1258,0,0,0,0,0,0,0,0,0,0,0,0,0,0,0,0
-1242,-1218,-1073,-1184,0,0,0,0,0,0,0,0,0,0,0,0,0,0,0,0
-1195,-1144,-1259,-1184,0,0,0,0,0,0,0,0,0,0,0,0,0,0,0,0
-1184,-1071,-1079,-1184,0,0,0,0,0,0,0,0,0,0,0,0,0,0,0,0
-1184,-1218,-1119,-1143,0,0,0,0,0,0,0,0,0,0,0,0,0,0,0,0
-1128,-1144,-1187,-1217,0,0,0,0,0,0,0,0,0,0,0,0,0,0,0,0
-1207,-1102,-1147,-1217,0,0,0,0,0,0,0,0,0,0,0,0,0,0,0,0
-1195,-1334,-1259,-1069,0,0,0,0,0,0,0,0,0,0,0,0,0,0,0,0
-1128,-1144,-1333,-1184,0,0,0,0,0,0,0,0,0,0,0,0,0,0,0,0
-1254,-1291,-1259,-1473,0,0,0,0,0,0,0,0,0,0,0,0,0,0,0,0
-1254,-1260,-1225,-1184,0,0,0,0,0,0,0,0,0,0,0,0,0,0,0,0
-1254,-1334,-1187,-1258,0,0,0,0,0,0,0,0,0,0,0,0,0,0,0,0
-1263,-1261,-1225,-1291,0,0,0,0,0,0,0,0,0,0,0,0,0,0,0,0
-1313,-1364,-1153,-1291,0,0,0,0,0,0,0,0,0,0,0,0,0,0,0,0
-1244,-1217,-1407,-1217,0,0,0,0,0,0,0,0,0,0,0,0,0,0,0,0
-1244,-1217,-1333,-1258,0,0,0,0,0,0,0,0,0,0,0,0,0,0,0,0
-1254,-1217,-1225,-1258,0,0,0,0,0,0,0,0,0,0,0,0,0,0,0,0
-1196,-1217,-1333,-1217,0,0,0,0,0,0,0,0,0,0,0,0,0,0,0,0
-1313,-1188,-1221,-1291,0,0,0,0,0,0,0,0,0,0,0,0,0,0,0,0
-1254,-1188,-1222,-1250,0,0,0,0,0,0,0,0,0,0,0,0,0,0,0,0
-1254,-1188,-1259,-1289,0,0,0,0,0,0,0,0,0,0,0,0,0,0,0,0
-1254,-1261,-1187,-1257,0,0,0,0,0,0,0,0,0,0,0,0,0,0,0,0
-1304,-1408,-1368,-1363,0,0,0,0,0,0,0,0,0,0,0,0,0,0,0,0
-1245,-1334,-1187,-1142,0,0,0,0,0,0,0,0,0,0,0,0,0,0,0,0
-1313,-1408,-1259,-1184,0,0,0,0,0,0,0,0,0,0,0,0,0,0,0,0
-1262,-1291,-1407,-1257,0,0,0,0,0,0,0,0,0,0,0,0,0,0,0,0
-1254,-1217,-1333,-1216,0,0,0,0,0,0,0,0,0,0,0,0,0,0,0,0
-1262,-1261,-1259,-1216,0,0,0,0,0,0,0,0,0,0,0,0,0,0,0,0
-1194,-1261,-1259,-1257,0,0,0,0,0,0,0,0,0,0,0,0,0,0,0,0
-1270,-1408,-1294,-1331,0,0,0,0,0,0,0,0,0,0,0,0,0,0,0,0
-1321,-1306,-1328,-1075,0,0,0,0,0,0,0,0,0,0,0,0,0,0,0,0
-1313,-1334,-1259,-1184,0,0,0,0,0,0,0,0,0,0,0,0,0,0,0,0
-1254,-1334,-1294,-1257,0,0,0,0,0,0,0,0,0,0,0,0,0,0,0,0
-1262,-1334,-1152,-1184,0,0,0,0,0,0,0,0,0,0,0,0,0,0,0,0
-1262,-1334,-1259,-1331,0,0,0,0,0,0,0,0,0,0,0,0,0,0,0,0
-1254,-1261,-1187,-1257,0,0,0,0,0,0,0,0,0,0,0,0,0,0,0,0
-1254,-1261,-1298,-1257,0,0,0,0,0,0,0,0,0,0,0,0,0,0,0,0
-1304,-1291,-1259,-1299,0,0,0,0,0,0,0,0,0,0,0,0,0,0,0,0
-1313,-1261,-1259,-1299,0,0,0,0,0,0,0,0,0,0,0,0,0,0,0,0
-1254,-1189,-1187,-1373,0,0,0,0,0,0,0,0,0,0,0,0,0,0,0,0
-1027,-1216,-1187,-1373,0,0,0,0,0,0,0,0,0,0,0,0,0,0,0,0
-1313,-1262,-1259,-1226,0,0,0,0,0,0,0,0,0,0,0,0,0,0,0,0
-1313,-1307,-1224,-1299,0,0,0,0,0,0,0,0,0,0,0,0,0,0,0,0
-1262,-1262,-1333,-1289,0,0,0,0,0,0,0,0,0,0,0,0,0,0,0,0
-1372,-1216,-1152,-1216,0,0,0,0,0,0,0,0,0,0,0,0,0,0,0,0
-1321,-1262,-1223,-1216,0,0,0,0,0,0,0,0,0,0,0,0,0,0,0,0
-1262,-1290,-1259,-1289,0,0,0,0,0,0,0,0,0,0,0,0,0,0,0,0
-1186,-1290,-1333,-1363,0,0,0,0,0,0,0,0,0,0,0,0,0,0,0,0
-1180,-1162,-1223,-1184,0,0,0,0,0,0,0,0,0,0,0,0,0,0,0,0
-1242,-1188,-1333,-1287,0,0,0,0,0,0,0,0,0,0,0,0,0,0,0,0
-1247,-1308,-1187,-1300,0,0,0,0,0,0,0,0,0,0,0,0,0,0,0,0
-1375,-1454,-1259,-1300,0,0,0,0,0,0,0,0,0,0,0,0,0,0,0,0
-1181,-1214,-1187,-1300,0,0,0,0,0,0,0,0,0,0,0,0,0,0,0,0
-1000,-1182,-1370,-1403,0,0,0,0,0,0,0,0,0,0,0,0,0,0,0,0
-1103,-951,-1186,-1448,0,0,0,0,0,0,0,0,0,0,0,0,0,0,0,0
-1099,-820,-1332,-1374,0,0,0,0,0,0,0,0,0,0,0,0,0,0,0,0
-1150,-985,-1518,-1183,0,0,0,0,0,0,0,0,0,0,0,0,0,0,0,0
-1006,-1144,-1296,-1301,0,0,0,0,0,0,0,0,0,0,0,0,0,0,0,0
-1127,-847,-1334,-1301,0,0,0,0,0,0,0,0,0,0,0,0,0,0,0,0
-831,-440,-1263,-1215,0,0,0,0,0,0,0,0,0,0,0,0,0,0,0,0
-985,-953,-1409,-1227,0,0,0,0,0,0,0,0,0,0,0,0,0,0,0,0
-657,-790,-1150,-1331,0,0,0,0,0,0,0,0,0,0,0,0,0,0,0,0
-909,-1079,-1189,-1300,0,0,0,0,0,0,0,0,0,0,0,0,0,0,0,0
-1019,-1192,-1296,-1257,0,0,0,0,0,0,0,0,0,0,0,0,0,0,0,0
-847,-1265,-1224,-1257,0,0,0,0,0,0,0,0,0,0,0,0,0,0,0,0
-866,-1160,-1186,-1257,0,0,0,0,0,0,0,0,0,0,0,0,0,0,0,0
-1181,-1233,-1406,-1331,0,0,0,0,0,0,0,0,0,0,0,0,0,0,0,0
-1124,-1182,-1258,-1215,0,0,0,0,0,0,0,0,0,0,0,0,0,0,0,0
-1261,-1277,-1370,-1184,0,0,0,0,0,0,0,0,0,0,0,0,0,0,0,0
-1097,-1254,-1335,-1300,0,0,0,0,0,0,0,0,0,0,0,0,0,0,0,0
-1193,-1286,-1224,-1330,0,0,0,0,0,0,0,0,0,0,0,0,0,0,0,0
-1295,-834,-1224,-1227,0,0,0,0,0,0,0,0,0,0,0,0,0,0,0,0
-1147,-771,-1296,-1329,0,0,0,0,0,0,0,0,0,0,0,0,0,0,0,0
-1104,-1143,-1370,-1183,0,0,0,0,0,0,0,0,0,0,0,0,0,0,0,0
-1105,-857,-1224,-1301,0,0,0,0,0,0,0,0,0,0,0,0,0,0,0,0
-1145,-853,-1370,-1301,0,0,0,0,0,0,0,0,0,0,0,0,0,0,0,0
-934,-1176,-1332,-1405,0,0,0,0,0,0,0,0,0,0,0,0,0,0,0,0
-1176,-887,-1258,-1184,0,0,0,0,0,0,0,0,0,0,0,0,0,0,0,0
-917,-584,-1296,-1184,0,0,0,0,0,0,0,0,0,0,0,0,0,0,0,0
-789,-735,-1296,-1184,0,0,0,0,0,0,0,0,0,0,0,0,0,0,0,0
-766,-897,-1296,-1257,0,0,0,0,0,0,0,0,0,0,0,0,0,0,0,0
-1077,-1144,-1263,-1215,0,0,0,0,0,0,0,0,0,0,0,0,0,0,0,0
-955,-1176,-1224,-1258,0,0,0,0,0,0,0,0,0,0,0,0,0,0,0,0
-1094,-1177,-1224,-1258,0,0,0,0,0,0,0,0,0,0,0,0,0,0,0,0
-926,-1291,-1224,-1405,0,0,0,0,0,0,0,0,0,0,0,0,0,0,0,0
-1209,-1250,-1335,-1300,0,0,0,0,0,0,0,0,0,0,0,0,0,0,0,0
-1158,-1250,-1224,-1258,0,0,0,0,0,0,0,0,0,0,0,0,0,0,0,0
-1209,-1365,-1263,-1216,0,0,0,0,0,0,0,0,0,0,0,0,0,0,0,0
-1264,-1365,-1335,-1184,0,0,0,0,0,0,0,0,0,0,0,0,0,0,0,0
-1210,-1291,-1335,-1258,0,0,0,0,0,0,0,0,0,0,0,0,0,0,0,0
-1321,-1260,-1224,-1258,0,0,0,0,0,0,0,0,0,0,0,0,0,0,0,0
-1195,-1291,-1296,-1258,0,0,0,0,0,0,0,0,0,0,0,0,0,0,0,0
-1253,-1218,-1224,-1258,0,0,0,0,0,0,0,0,0,0,0,0,0,0,0,0
-1264,-1218,-1335,-1332,0,0,0,0,0,0,0,0,0,0,0,0,0,0,0,0
-1275,-1144,-1296,-1216,0,0,0,0,0,0,0,0,0,0,0,0,0,0,0,0
-1253,-1516,-1296,-1258,0,0,0,0,0,0,0,0,0,0,0,0,0,0,0,0
-1264,-1218,-1335,-1216,0,0,0,0,0,0,0,0,0,0,0,0,0,0,0,0
-1310,-1365,-1224,-1374,0,0,0,0,0,0,0,0,0,0,0,0,0,0,0,0
-1264,-1291,-1335,-1183,0,0,0,0,0,0,0,0,0,0,0,0,0,0,0,0
-1264,-1144,-1224,-1331,0,0,0,0,0,0,0,0,0,0,0,0,0,0,0,0
-1322,-1218,-1186,-1257,0,0,0,0,0,0,0,0,0,0,0,0,0,0,0,0
-1312,-1218,-1296,-1142,0,0,0,0,0,0,0,0,0,0,0,0,0,0,0,0
-1195,-1144,-1258,-1183,0,0,0,0,0,0,0,0,0,0,0,0,0,0,0,0
-1244,-1218,-1224,-1257,0,0,0,0,0,0,0,0,0,0,0,0,0,0,0,0
-1253,-1218,-1296,-1183,0,0,0,0,0,0,0,0,0,0,0,0,0,0,0,0
-1322,-1217,-1224,-1257,0,0,0,0,0,0,0,0,0,0,0,0,0,0,0,0
-1254,-1217,-1224,-1215,0,0,0,0,0,0,0,0,0,0,0,0,0,0,0,0
-1254,-1291,-1224,-1141,0,0,0,0,0,0,0,0,0,0,0,0,0,0,0,0
-1263,-1174,-1186,-1184,0,0,0,0,0,0,0,0,0,0,0,0,0,0,0,0
-1254,-1291,-1296,-1300,0,0,0,0,0,0,0,0,0,0,0,0,0,0,0,0
-1254,-1291,-1263,-1300,0,0,0,0,0,0,0,0,0,0,0,0,0,0,0,0
-1254,-1261,-1296,-1184,0,0,0,0,0,0,0,0,0,0,0,0,0,0,0,0
-1244,-1321,-1296,-1257,0,0,0,0,0,0,0,0,0,0,0,0,0,0,0,0
-1313,-1291,-1224,-1227,0,0,0,0,0,0,0,0,0,0,0,0,0,0,0,0
-1313,-1261,-1224,-1300,0,0,0,0,0,0,0,0,0,0,0,0,0,0,0,0
-1254,-1248,-1224,-1405,0,0,0,0,0,0,0,0,0,0,0,0,0,0,0,0
-1196,-1248,-1296,-1184,0,0,0,0,0,0,0,0,0,0,0,0,0,0,0,0
-1263,-1217,-1296,-1227,0,0,0,0,0,0,0,0,0,0,0,0,0,0,0,0
-1186,-1334,-1263,-1184,0,0,0,0,0,0,0,0,0,0,0,0,0,0,0,0
-1262,-1334,-1295,-1374,0,0,0,0,0,0,0,0,0,0,0,0,0,0,0,0
-1254,-1187,-1295,-1257,0,0,0,0,0,0,0,0,0,0,0,0,0,0,0,0
-1313,-1291,-1335,-1257,0,0,0,0,0,0,0,0,0,0,0,0,0,0,0,0
-1254,-1291,-1223,-1362,0,0,0,0,0,0,0,0,0,0,0,0,0,0,0,0
-1245,-1334,-1223,-1257,0,0,0,0,0,0,0,0,0,0,0,0,0,0,0,0
-1262,-1408,-1409,-1257,0,0,0,0,0,0,0,0,0,0,0,0,0,0,0,0
-1254,-1174,-1517,-1215,0,0,0,0,0,0,0,0,0,0,0,0,0,0,0,0
-1246,-1291,-1223,-1227,0,0,0,0,0,0,0,0,0,0,0,0,0,0,0,0
-1254,-1334,-1223,-1330,0,0,0,0,0,0,0,0,0,0,0,0,0,0,0,0
-1314,-1217,-1295,-1301,0,0,0,0,0,0,0,0,0,0,0,0,0,0,0,0
-1246,-1217,-1110,-1301,0,0,0,0,0,0,0,0,0,0,0,0,0,0,0,0
-1321,-1291,-1223,-1374,0,0,0,0,0,0,0,0,0,0,0,0,0,0,0,0
-1254,-1261,-1223,-1301,0,0,0,0,0,0,0,0,0,0,0,0,0,0,0,0
-1254,-1261,-1256,-1374,0,0,0,0,0,0,0,0,0,0,0,0,0,0,0,0
-1201,-1217,-1189,-1301,0,0,0,0,0,0,0,0,0,0,0,0,0,0,0,0
-1314,-1291,-1263,-1257,0,0,0,0,0,0,0,0,0,0,0,0,0,0,0,0
-1239,-1334,-1223,-1330,0,0,0,0,0,0,0,0,0,0,0,0,0,0,0,0
-1365,-1217,-1263,-1374,0,0,0,0,0,0,0,0,0,0,0,0,0,0,0,0
-1314,-1291,-1223,-1183,0,0,0,0,0,0,0,0,0,0,0,0,0,0,0,0
-1254,-1306,-1295,-1301,0,0,0,0,0,0,0,0,0,0,0,0,0,0,0,0
-1186,-1334,-1263,-1301,0,0,0,0,0,0,0,0,0,0,0,0,0,0,0,0
-1193,-1364,-1295,-1301,0,0,0,0,0,0,0,0,0,0,0,0,0,0,0,0
-1246,-1444,-1335,-1227,0,0,0,0,0,0,0,0,0,0,0,0,0,0,0,0
-1246,-1217,-1223,-1301,0,0,0,0,0,0,0,0,0,0,0,0,0,0,0,0
-1186,-1291,-1223,-1214,0,0,0,0,0,0,0,0,0,0,0,0,0,0,0,0
-1307,-1261,-1263,-1257,0,0,0,0,0,0,0,0,0,0,0,0,0,0,0,0
-1253,-1334,-1223,-1257,0,0,0,0,0,0,0,0,0,0,0,0,0,0,0,0
-1193,-1261,-1302,-1257,0,0,0,0,0,0,0,0,0,0,0,0,0,0,0,0
-1057,-1217,-1295,-1374,0,0,0,0,0,0,0,0,0,0,0,0,0,0,0,0
-1246,-1261,-1223,-1257,0,0,0,0,0,0,0,0,0,0,0,0,0,0,0,0
-1253,-1261,-1295,-1301,0,0,0,0,0,0,0,0,0,0,0,0,0,0,0,0
-1374,-1408,-1369,-1257,0,0,0,0,0,0,0,0,0,0,0,0,0,0,0,0
-1252,-1261,-1223,-1227,0,0,0,0,0,0,0,0,0,0,0,0,0,0,0,0
-1434,-1380,-1295,-1183,0,0,0,0,0,0,0,0,0,0,0,0,0,0,0,0
-1252,-1262,-1335,-1183,0,0,0,0,0,0,0,0,0,0,0,0,0,0,0,0
-1247,-1524,-1335,-1301,0,0,0,0,0,0,0,0,0,0,0,0,0,0,0,0
-1304,-1308,-1263,-1329,0,0,0,0,0,0,0,0,0,0,0,0,0,0,0,0
-1370,-1261,-1223,-1272,0,0,0,0,0,0,0,0,0,0,0,0,0,0,0,0
-1372,-1236,-1189,-1374,0,0,0,0,0,0,0,0,0,0,0,0,0,0,0,0
-1372,-1283,-1330,-1227,0,0,0,0,0,0,0,0,0,0,0,0,0,0,0,0
-1372,-1429,-1295,-1301,0,0,0,0,0,0,0,0,0,0,0,0,0,0,0,0
-1244,-1381,-1223,-1329,0,0,0,0,0,0,0,0,0,0,0,0,0,0,0,0
-1245,-1333,-1335,-1227,0,0,0,0,0,0,0,0,0,0,0,0,0,0,0,0
-1307,-1236,-1295,-1374,0,0,0,0,0,0,0,0,0,0,0,0,0,0,0,0
-1436,-1501,-1443,-1374,0,0,0,0,0,0,0,0,0,0,0,0,0,0,0,0
-1179,-1213,-1449,-1182,0,0,0,0,0,0,0,0,0,0,0,0,0,0,0,0
-1310,-1194,-1295,-1328,0,0,0,0,0,0,0,0,0,0,0,0,0,0,0,0
-1127,-1166,-1409,-1419,0,0,0,0,0,0,0,0,0,0,0,0,0,0,0,0
-1058,-1014,-1190,-1374,0,0,0,0,0,0,0,0,0,0,0,0,0,0,0,0
-814,-1191,-1305,-1257,0,0,0,0,0,0,0,0,0,0,0,0,0,0,0,0
-1098,-1227,-1305,-1184,0,0,0,0,0,0,0,0,0,0,0,0,0,0,0,0
-1104,-1266,-1335,-1331,0,0,0,0,0,0,0,0,0,0,0,0,0,0,0,0
-1134,-1192,-1263,-1258,0,0,0,0,0,0,0,0,0,0,0,0,0,0,0,0
-942,-1191,-1335,-1227,0,0,0,0,0,0,0,0,0,0,0,0,0,0,0,0
-1087,-1234,-1263,-1257,0,0,0,0,0,0,0,0,0,0,0,0,0,0,0,0
-1181,-1160,-1222,-1257,0,0,0,0,0,0,0,0,0,0,0,0,0,0,0,0
-1177,-1087,-1305,-1227,0,0,0,0,0,0,0,0,0,0,0,0,0,0,0,0
-1375,-1280,-1377,-1301,0,0,0,0,0,0,0,0,0,0,0,0,0,0,0,0
-1182,-1305,-1232,-1330,0,0,0,0,0,0,0,0,0,0,0,0,0,0,0,0
-1244,-1182,-1293,-1330,0,0,0,0,0,0,0,0,0,0,0,0,0,0,0,0
-1308,-1092,-1263,-1330,0,0,0,0,0,0,0,0,0,0,0,0,0,0,0,0
-1114,-1072,-1232,-1404,0,0,0,0,0,0,0,0,0,0,0,0,0,0,0,0
-1065,-973,-1306,-1227,0,0,0,0,0,0,0,0,0,0,0,0,0,0,0,0
-1177,-1103,-1263,-1211,0,0,0,0,0,0,0,0,0,0,0,0,0,0,0,0
-1215,-1069,-1263,-1329,0,0,0,0,0,0,0,0,0,0,0,0,0,0,0,0
-989,-1163,-1335,-1329,0,0,0,0,0,0,0,0,0,0,0,0,0,0,0,0
-1186,-1064,-1263,-1227,0,0,0,0,0,0,0,0,0,0,0,0,0,0,0,0
-1110,-945,-1232,-1329,0,0,0,0,0,0,0,0,0,0,0,0,0,0,0,0
-975,-733,-1335,-1227,0,0,0,0,0,0,0,0,0,0,0,0,0,0,0,0
-1125,-1062,-1263,-1227,0,0,0,0,0,0,0,0,0,0,0,0,0,0,0,0
-944,-1047,-1263,-1343,0,0,0,0,0,0,0,0,0,0,0,0,0,0,0,0
-1148,-1145,-1306,-1226,0,0,0,0,0,0,0,0,0,0,0,0,0,0,0,0
-1017,-1178,-1378,-1257,0,0,0,0,0,0,0,0,0,0,0,0,0,0,0,0
-1191,-1287,-1232,-1374,0,0,0,0,0,0,0,0,0,0,0,0,0,0,0,0
-1219,-1395,-1335,-1257,0,0,0,0,0,0,0,0,0,0,0,0,0,0,0,0
-1189,-1287,-1293,-1257,0,0,0,0,0,0,0,0,0,0,0,0,0,0,0,0
-1262,-1251,-1306,-1300,0,0,0,0,0,0,0,0,0,0,0,0,0,0,0,0
-1239,-1213,-1221,-1183,0,0,0,0,0,0,0,0,0,0,0,0,0,0,0,0
-1286,-1287,-1189,-1257,0,0,0,0,0,0,0,0,0,0,0,0,0,0,0,0
-1286,-1287,-1189,-1215,0,0,0,0,0,0,0,0,0,0,0,0,0,0,0,0
-1239,-1250,-1263,-1257,0,0,0,0,0,0,0,0,0,0,0,0,0,0,0,0
-1313,-1359,-1189,-1215,0,0,0,0,0,0,0,0,0,0,0,0,0,0,0,0
-1239,-1287,-1232,-1215,0,0,0,0,0,0,0,0,0,0,0,0,0,0,0,0
-1286,-1249,-1232,-1257,0,0,0,0,0,0,0,0,0,0,0,0,0,0,0,0
-1294,-1287,-1189,-1215,0,0,0,0,0,0,0,0,0,0,0,0,0,0,0,0
-1212,-1213,-1306,-1374,0,0,0,0,0,0,0,0,0,0,0,0,0,0,0,0
-1240,-1213,-1189,-1215,0,0,0,0,0,0,0,0,0,0,0,0,0,0,0,0
-1195,-1176,-1189,-1300,0,0,0,0,0,0,0,0,0,0,0,0,0,0,0,0
-1286,-1287,-1148,-1215,0,0,0,0,0,0,0,0,0,0,0,0,0,0,0,0
-1268,-1359,-1306,-1142,0,0,0,0,0,0,0,0,0,0,0,0,0,0,0,0
-1195,-1287,-1263,-1257,0,0,0,0,0,0,0,0,0,0,0,0,0,0,0,0
-1240,-1139,-1189,-1257,0,0,0,0,0,0,0,0,0,0,0,0,0,0,0,0
-1240,-1324,-1232,-1110,0,0,0,0,0,0,0,0,0,0,0,0,0,0,0,0
-1196,-1287,-1263,-1257,0,0,0,0,0,0,0,0,0,0,0,0,0,0,0,0
-1196,-1213,-1189,-1374,0,0,0,0,0,0,0,0,0,0,0,0,0,0,0,0
-1283,-1213,-1263,-1257,0,0,0,0,0,0,0,0,0,0,0,0,0,0,0,0
-1240,-1250,-1189,-1215,0,0,0,0,0,0,0,0,0,0,0,0,0,0,0,0
-1197,-1250,-1263,-1374,0,0,0,0,0,0,0,0,0,0,0,0,0,0,0,0
-1197,-1102,-1335,-1374,0,0,0,0,0,0,0,0,0,0,0,0,0,0,0,0
-1237,-1287,-1263,-1374,0,0,0,0,0,0,0,0,0,0,0,0,0,0,0,0
-1155,-1286,-1293,-1331,0,0,0,0,0,0,0,0,0,0,0,0,0,0,0,0
-1059,-1286,-1263,-1257,0,0,0,0,0,0,0,0,0,0,0,0,0,0,0,0
-1158,-1212,-1306,-1300,0,0,0,0,0,0,0,0,0,0,0,0,0,0,0,0
-1141,-1364,-1232,-1183,0,0,0,0,0,0,0,0,0,0,0,0,0,0,0,0
-1242,-1324,-1263,-1300,0,0,0,0,0,0,0,0,0,0,0,0,0,0,0,0
-1186,-1251,-1232,-1331,0,0,0,0,0,0,0,0,0,0,0,0,0,0,0,0
-1196,-1365,-1263,-1215,0,0,0,0,0,0,0,0,0,0,0,0,0,0,0,0
-1139,-1291,-1221,-1257,0,0,0,0,0,0,0,0,0,0,0,0,0,0,0,0
-1312,-1217,-1263,-1331,0,0,0,0,0,0,0,0,0,0,0,0,0,0,0,0
-1245,-1291,-1221,-1362,0,0,0,0,0,0,0,0,0,0,0,0,0,0,0,0
-1245,-1250,-1189,-1374,0,0,0,0,0,0,0,0,0,0,0,0,0,0,0,0
-1186,-1217,-1232,-1374,0,0,0,0,0,0,0,0,0,0,0,0,0,0,0,0
-1262,-1217,-1263,-1300,0,0,0,0,0,0,0,0,0,0,0,0,0,0,0,0
-1254,-1291,-1263,-1257,0,0,0,0,0,0,0,0,0,0,0,0,0,0,0,0
-1254,-1176,-1306,-1257,0,0,0,0,0,0,0,0,0,0,0,0,0,0,0,0
-1254,-1291,-1306,-1184,0,0,0,0,0,0,0,0,0,0,0,0,0,0,0,0
-1253,-1365,-1306,-1257,0,0,0,0,0,0,0,0,0,0,0,0,0,0,0,0
-1187,-1250,-1306,-1257,0,0,0,0,0,0,0,0,0,0,0,0,0,0,0,0
-1246,-1250,-1189,-1184,0,0,0,0,0,0,0,0,0,0,0,0,0,0,0,0
-1194,-1437,-1306,-1153,0,0,0,0,0,0,0,0,0,0,0,0,0,0,0,0
-1253,-1324,-1263,-742,0,0,0,0,0,0,0,0,0,0,0,0,0,0,0,0
-1253,-1217,-1306,-1331,0,0,0,0,0,0,0,0,0,0,0,0,0,0,0,0
-1253,-1291,-1232,-1331,0,0,0,0,0,0,0,0,0,0,0,0,0,0,0,0
-1313,-1176,-1263,-1080,0,0,0,0,0,0,0,0,0,0,0,0,0,0,0,0
-1246,-1250,-1232,-1258,0,0,0,0,0,0,0,0,0,0,0,0,0,0,0,0
-1246,-1291,-1263,-1301,0,0,0,0,0,0,0,0,0,0,0,0,0,0,0,0
-1246,-1217,-1274,-1271,0,0,0,0,0,0,0,0,0,0,0,0,0,0,0,0
-1313,-1217,-1189,-1301,0,0,0,0,0,0,0,0,0,0,0,0,0,0,0,0
-1186,-1176,-1263,-1227,0,0,0,0,0,0,0,0,0,0,0,0,0,0,0,0
-1246,-1291,-1189,-1301,0,0,0,0,0,0,0,0,0,0,0,0,0,0,0,0
-1309,-1217,-1305,-1227,0,0,0,0,0,0,0,0,0,0,0,0,0,0,0,0
-1181,-1291,-1189,-1492,0,0,0,0,0,0,0,0,0,0,0,0,0,0,0,0
-1243,-1136,-1153,-1297,0,0,0,0,0,0,0,0,0,0,0,0,0,0,0,0
-1447,-1376,-1289,-1374,0,0,0,0,0,0,0,0,0,0,0,0,0,0,0,0
-1434,-1396,-1401,-1330,0,0,0,0,0,0,0,0,0,0,0,0,0,0,0,0
-1371,-1286,-1440,-1419,0,0,0,0,0,0,0,0,0,0,0,0,0,0,0,0
-1311,-1325,-1327,-1273,0,0,0,0,0,0,0,0,0,0,0,0,0,0,0,0
-1360,-1397,-933,-1374,0,0,0,0,0,0,0,0,0,0,0,0,0,0,0,0
-1263,-1251,-1112,-1184,0,0,0,0,0,0,0,0,0,0,0,0,0,0,0,0
-1263,-1250,-1367,-1365,0,0,0,0,0,0,0,0,0,0,0,0,0,0,0,0
-1301,-1469,-1342,-1346,0,0,0,0,0,0,0,0,0,0,0,0,0,0,0,0
-1300,-1287,-1240,-1224,0,0,0,0,0,0,0,0,0,0,0,0,0,0,0,0
-1224,-1287,-1430,-1340,0,0,0,0,0,0,0,0,0,0,0,0,0,0,0,0
-1519,-1359,-1430,-1413,0,0,0,0,0,0,0,0,0,0,0,0,0,0,0,0
-1263,-1396,-1304,-1327,0,0,0,0,0,0,0,0,0,0,0,0,0,0,0,0
-1263,-1359,-1248,-1266,0,0,0,0,0,0,0,0,0,0,0,0,0,0,0,0
-1335,-1396,-1436,-1412,0,0,0,0,0,0,0,0,0,0,0,0,0,0,0,0
-1335,-1176,-1239,-1195,0,0,0,0,0,0,0,0,0,0,0,0,0,0,0,0
-1409,-1322,-1149,-1118,0,0,0,0,0,0,0,0,0,0,0,0,0,0,0,0
-1224,-1250,-1015,-1176,0,0,0,0,0,0,0,0,0,0,0,0,0,0,0,0
-1298,-1213,-1224,-863,0,0,0,0,0,0,0,0,0,0,0,0,0,0,0,0
-1263,-1359,-1334,-1234,0,0,0,0,0,0,0,0,0,0,0,0,0,0,0,0
-1298,-1213,-1171,-1138,0,0,0,0,0,0,0,0,0,0,0,0,0,0,0,0
-1263,-1213,-1293,-1254,0,0,0,0,0,0,0,0,0,0,0,0,0,0,0,0
-1335,-1250,-1258,-1253,0,0,0,0,0,0,0,0,0,0,0,0,0,0,0,0
-1335,-1139,-1142,-1401,0,0,0,0,0,0,0,0,0,0,0,0,0,0,0,0
-1189,-1213,-1175,-1291,0,0,0,0,0,0,0,0,0,0,0,0,0,0,0,0
-1189,-1359,-1249,-1365,0,0,0,0,0,0,0,0,0,0,0,0,0,0,0,0
-1263,-1102,-1249,-1217,0,0,0,0,0,0,0,0,0,0,0,0,0,0,0,0
-1189,-1287,-1211,-1217,0,0,0,0,0,0,0,0,0,0,0,0,0,0,0,0
-1263,-1287,-1358,-1251,0,0,0,0,0,0,0,0,0,0,0,0,0,0,0,0
-1298,-1359,-1322,-1290,0,0,0,0,0,0,0,0,0,0,0,0,0,0,0,0
-1189,-1395,-1396,-1217,0,0,0,0,0,0,0,0,0,0,0,0,0,0,0,0
-1298,-1213,-1321,-1217,0,0,0,0,0,0,0,0,0,0,0,0,0,0,0,0
-1370,-1359,-1212,-1331,0,0,0,0,0,0,0,0,0,0,0,0,0,0,0,0
-1298,-1323,-1285,-1364,0,0,0,0,0,0,0,0,0,0,0,0,0,0,0,0
-1335,-1287,-1359,-1258,0,0,0,0,0,0,0,0,0,0,0,0,0,0,0,0
-1335,-1287,-1246,-1142,0,0,0,0,0,0,0,0,0,0,0,0,0,0,0,0
-1370,-1323,-1251,-1289,0,0,0,0,0,0,0,0,0,0,0,0,0,0,0,0
-1335,-1359,-1285,-1299,0,0,0,0,0,0,0,0,0,0,0,0,0,0,0,0
-1443,-1287,-1432,-1437,0,0,0,0,0,0,0,0,0,0,0,0,0,0,0,0
-1335,-1322,-1251,-1257,0,0,0,0,0,0,0,0,0,0,0,0,0,0,0,0
-1263,-1287,-1211,-1142,0,0,0,0,0,0,0,0,0,0,0,0,0,0,0,0
-1370,-1213,-1145,-1299,0,0,0,0,0,0,0,0,0,0,0,0,0,0,0,0
-1189,-1287,-1210,-1149,0,0,0,0,0,0,0,0,0,0,0,0,0,0,0,0
-1263,-1250,-1398,-1183,0,0,0,0,0,0,0,0,0,0,0,0,0,0,0,0
-1443,-1433,-1325,-1226,0,0,0,0,0,0,0,0,0,0,0,0,0,0,0,0
-1335,-1176,-1294,-1183,0,0,0,0,0,0,0,0,0,0,0,0,0,0,0,0
-1263,-1213,-1220,-1331,0,0,0,0,0,0,0,0,0,0,0,0,0,0,0,0
-1370,-1213,-1471,-1289,0,0,0,0,0,0,0,0,0,0,0,0,0,0,0,0
-1370,-1065,-1177,-1184,0,0,0,0,0,0,0,0,0,0,0,0,0,0,0,0
-1409,-1287,-1264,-1300,0,0,0,0,0,0,0,0,0,0,0,0,0,0,0,0
-1298,-1359,-1193,-1331,0,0,0,0,0,0,0,0,0,0,0,0,0,0,0,0
-1370,-1359,-1367,-1300,0,0,0,0,0,0,0,0,0,0,0,0,0,0,0,0
-1189,-1287,-1167,-1300,0,0,0,0,0,0,0,0,0,0,0,0,0,0,0,0
-1263,-1176,-1194,-1214,0,0,0,0,0,0,0,0,0,0,0,0,0,0,0,0
-1263,-1323,-1172,-1154,0,0,0,0,0,0,0,0,0,0,0,0,0,0,0,0
-1409,-1359,-1224,-1374,0,0,0,0,0,0,0,0,0,0,0,0,0,0,0,0
-1409,-1506,-1325,-1301,0,0,0,0,0,0,0,0,0,0,0,0,0,0,0,0
-1444,-1323,-1324,-1373,0,0,0,0,0,0,0,0,0,0,0,0,0,0,0,0
-1263,-1287,-1255,-1466,0,0,0,0,0,0,0,0,0,0,0,0,0,0,0,0
-1370,-1287,-1253,-1274,0,0,0,0,0,0,0,0,0,0,0,0,0,0,0,0
-1444,-1287,-1383,-1273,0,0,0,0,0,0,0,0,0,0,0,0,0,0,0,0
-1263,-1287,-1318,-1251,0,0,0,0,0,0,0,0,0,0,0,0,0,0,0,0
-1189,-1250,-1255,-1250,0,0,0,0,0,0,0,0,0,0,0,0,0,0,0,0
-1409,-1287,-1266,-1020,0,0,0,0,0,0,0,0,0,0,0,0,0,0,0,0
-1224,-1065,-960,-1201,0,0,0,0,0,0,0,0,0,0,0,0,0,0,0,0
-1298,-1396,-1068,-1082,0,0,0,0,0,0,0,0,0,0,0,0,0,0,0,0
-1335,-1250,-1058,-1111,0,0,0,0,0,0,0,0,0,0,0,0,0,0,0,0
-1227,-1359,-937,-1126,0,0,0,0,0,0,0,0,0,0,0,0,0,0,0,0
-1298,-1287,-1154,-800,0,0,0,0,0,0,0,0,0,0,0,0,0,0,0,0
-1263,-1249,-1258,-755,0,0,0,0,0,0,0,0,0,0,0,0,0,0,0,0
-1224,-1213,-1131,-1094,0,0,0,0,0,0,0,0,0,0,0,0,0,0,0,0
-1189,-1176,-1200,-1085,0,0,0,0,0,0,0,0,0,0,0,0,0,0,0,0
-1518,-1250,-986,-1183,0,0,0,0,0,0,0,0,0,0,0,0,0,0,0,0
-1444,-1396,-1295,-1219,0,0,0,0,0,0,0,0,0,0,0,0,0,0,0,0
-1298,-1395,-1224,-1332,0,0,0,0,0,0,0,0,0,0,0,0,0,0,0,0
